name;lat;long;status;category;wind;pressure;exact_sst_anomaly;year;month;day
Blanche;36.9;-69.0;hurricane;1;70.0;984.0;0.587158501148224;1975;7;27
Blanche;40.25;-66.80000000000001;hurricane;1;72.5;980.0;0.465800851583481;1975;7;28
Caroline;23.575;-95.25;hurricane;1;66.25;989.0;-0.777645528316498;1975;8;30
Caroline;30.2;-67.77142857142857;hurricane;3;80.0;979.8571428571429;-0.1371667299951826;1975;8;31
Doris;34.85;-44.2;hurricane;1;75.0;984.0;0.144969366490841;1975;9;1
Doris;36.725;-44.35;hurricane;2;93.75;966.25;-0.449699640274048;1975;9;2
Doris;40.3;-43.225;hurricane;2;93.75;966.25;-0.430187404155731;1975;9;3
Eloise;19.5;-68.4;hurricane;1;65.0;1002.0;-1.19857740402222;1975;9;16
Eloise;19.6;-69.2;hurricane;1;65.0;997.0;-1.19857740402222;1975;9;17
Eloise;25.7;-89.43333333333334;hurricane;1;75.0;986.3333333333334;-0.44190386931101466;1975;9;22
Eloise;28.633333333333336;-87.36666666666667;hurricane;2;103.33333333333333;960.3333333333334;-0.36002292235692335;1975;9;23
Gladys;15.8;-44.0;hurricane;1;65.0;990.0;-1.19857740402222;1975;9;25
Faye;22.625;-54.2625;hurricane;1;69.375;988.5;-0.7793472297489659;1975;9;26
Faye;26.5375;-58.975;hurricane;2;77.5;986.375;-0.7926086038351075;1975;9;27
Faye;30.075;-58.075;hurricane;2;71.875;988.5;-0.7664478942751897;1975;9;28
Faye;29.266666666666666;-55.699999999999996;hurricane;1;69.16666666666667;985.6666666666666;-0.5870949228604633;1975;9;29
Gladys;24.85;-67.225;hurricane;1;80.0;975.0;-0.48265607655048354;1975;9;30
Gladys;27.55;-71.925;hurricane;1;82.5;973.5;-0.360399454832077;1975;10;1
Gladys;34.25;-70.475;hurricane;3;112.5;943.5;-0.386639803647995;1975;10;2
Gladys;43.699999999999996;-56.73333333333333;hurricane;3;93.33333333333333;956.6666666666666;-1.0109562079111731;1975;10;3
Belle;26.6;-74.2;hurricane;1;70.0;985.0;-0.574714958667755;1976;8;7
Belle;27.975;-75.02499999999999;hurricane;1;91.25;962.75;-0.574714958667755;1976;8;8
Belle;33.6;-74.85;hurricane;3;98.75;962.25;-1.1002120897173864;1976;8;9
Belle;38.8;-73.8;hurricane;1;80.0;977.0;-0.316133707761765;1976;8;10
Candice;41.1;-59.15;hurricane;1;65.0;991.0;-1.41757583618164;1976;8;21
Candice;41.3;-56.4;hurricane;1;80.0;964.0;-1.41757583618164;1976;8;22
Candice;44.4;-51.2;hurricane;1;80.0;971.0;-1.41757583618164;1976;8;23
Emmy;26.55;-61.25;hurricane;1;65.0;990.5;-0.658980846405029;1976;8;25
Emmy;27.175;-56.95;hurricane;1;77.5;982.0;-0.658980846405029;1976;8;26
Emmy;30.9;-53.7;hurricane;2;85.0;975.0;-1.414790391922;1976;8;27
Emmy;33.5;-56.6;hurricane;2;85.0;975.0;-1.414790391922;1976;8;28
Emmy;35.0;-56.8;hurricane;2;90.0;974.0;-0.964758396148682;1976;8;29
Emmy;24.46666666666667;-52.6;hurricane;2;73.33333333333333;984.3333333333334;-0.7911904354890197;1976;8;30
Emmy;26.400000000000002;-51.666666666666664;hurricane;2;75.0;977.3333333333334;-0.6152438918749493;1976;8;31
Emmy;28.475;-49.875;hurricane;1;91.25;968.0;-0.7354252338409422;1976;9;1
Emmy;36.6;-27.95;hurricane;1;72.5;982.0;-0.964758396148682;1976;9;3
Emmy;36.800000000000004;-29.933333333333337;hurricane;1;65.0;991.3333333333334;-1.1147690614064547;1976;9;4
Gloria;29.666666666666668;-60.1;hurricane;1;66.66666666666667;978.6666666666666;-1.5861474672953333;1976;9;29
Gloria;32.6;-59.075;hurricane;1;86.25;974.75;-1.5582447052002;1976;9;30
Gloria;35.45;-54.3;hurricane;2;82.5;988.75;-1.1505289077758776;1976;10;1
Gloria;36.4;-51.7;hurricane;1;70.0;993.0;-1.01462364196777;1976;10;2
Holly;24.9;-58.1;hurricane;1;65.0;990.0;-1.11706805229187;1976;10;24
Holly;27.2;-57.5;hurricane;1;65.0;995.0;-2.01559662818909;1976;10;25
Anita;26.5;-90.6;hurricane;1;65.0;997.0;-1.09220635890961;1977;8;30
Anita;26.25;-91.625;hurricane;1;75.0;987.5;-1.09220635890961;1977;8;31
Anita;25.6;-94.175;hurricane;1;91.25;964.75;-1.09220635890961;1977;9;1
Anita;23.9;-97.625;hurricane;5;120.0;943.75;-0.514643728733063;1977;9;2
Babe;28.7;-91.4;hurricane;1;65.0;995.0;-1.09220635890961;1977;9;5
Clara;35.55;-66.95;hurricane;1;65.0;993.5;-1.17711400985718;1977;9;8
Clara;35.5;-64.6;hurricane;1;65.0;998.0;-1.17711400985718;1977;9;9
Dorothy;36.25;-59.25;hurricane;1;67.5;986.0;0.0465032160282135;1977;9;28
Dorothy;40.1;-55.5;hurricane;1;70.0;984.0;0.4406942625840505;1977;9;29
Evelyn;43.625;-61.025;hurricane;1;68.75;996.75;0.9010649248957656;1977;10;15
Cora;14.0;-43.2;hurricane;1;65.0;990.0;0.163189113140106;1978;8;8
Cora;13.675;-47.725;hurricane;1;73.75;986.5;0.163189113140106;1978;8;9
Ella;29.3;-68.8;hurricane;1;70.0;980.0;-1.06595611572266;1978;8;31
Ella;30.375;-71.3;hurricane;2;102.5;970.75;-1.0689769089221977;1978;9;1
Ella;31.525;-73.025;hurricane;3;88.75;975.25;-1.06998383998871;1978;9;2
Ella;33.525;-71.775;hurricane;1;82.5;977.5;-0.8594059310853492;1978;9;3
Ella;39.175;-64.2;hurricane;3;115.0;958.0;-0.0872042551636696;1978;9;4
Ella;47.06666666666666;-50.06666666666666;hurricane;3;83.33333333333333;971.6666666666666;-0.61998862028122;1978;9;5
Flossie;31.566666666666666;-43.5;hurricane;1;73.33333333333333;985.6666666666666;-1.06998383998871;1978;9;12
Flossie;32.7;-43.0;hurricane;2;80.0;980.5;-1.06998383998871;1978;9;13
Flossie;43.1;-35.9;hurricane;1;65.0;992.0;0.0532636940479278;1978;9;15
Greta;14.0;-77.7;hurricane;1;70.0;989.0;0.12086908519268;1978;9;16
Greta;15.1;-81.26666666666667;hurricane;1;88.33333333333333;974.6666666666666;-0.04002147416273733;1978;9;17
Greta;16.1;-85.05;hurricane;3;107.5;955.0;-0.120466753840446;1978;9;18
Greta;17.0;-88.2;hurricane;2;95.0;964.0;-0.120466753840446;1978;9;19
Kendra;26.2;-74.1;hurricane;1;65.0;995.0;-1.16915714740753;1978;10;29
Kendra;29.1;-72.44999999999999;hurricane;1;67.5;994.0;-1.16915714740753;1978;10;30
Bob;27.7;-91.09999999999998;hurricane;1;65.0;988.3333333333334;-0.246274918317795;1979;7;11
David;11.833333333333334;-50.0;hurricane;1;80.0;966.6666666666666;-0.024993360042572004;1979;8;27
David;12.675;-54.975;hurricane;4;123.75;941.75;-0.024993360042572;1979;8;28
David;14.5;-59.775;hurricane;4;122.5;939.25;-0.017686434090137475;1979;8;29
David;16.125;-64.6;hurricane;4;141.25;925.5;0.0042343437671661;1979;8;30
David;17.225;-68.6;hurricane;5;146.25;927.0;0.0042343437671661;1979;8;31
David;16.3;-61.25;hurricane;4;81.66666666666667;983.0;-0.01037950813770295;1979;9;1
David;22.525;-76.1;hurricane;1;70.0;987.5;0.22218719124794;1979;9;2
David;25.85;-79.275;hurricane;1;82.5;973.75;-0.2260517999529835;1979;9;3
David;29.7;-80.85;hurricane;2;83.75;970.25;-0.695578634738924;1979;9;4
David;32.5;-81.1;hurricane;1;65.0;972.0;-1.01569247245789;1979;9;5
Gloria;25.46666666666667;-37.96666666666667;hurricane;1;66.66666666666667;990.0;-0.17624746759732535;1979;9;7
Gloria;27.775;-40.125;hurricane;1;75.0;985.0;-0.375464797019958;1979;9;8
Gloria;30.15;-42.85;hurricane;1;73.75;985.5;-0.695578634738924;1979;9;9
Frederic;27.9;-61.0;hurricane;1;67.0;990.0;-0.520540606975558;1979;9;10
Frederic;25.660000000000004;-77.36;hurricane;1;80.0;981.6;-0.1449191391468056;1979;9;11
Frederic;29.825;-67.525;hurricane;3;93.75;966.625;-0.695578634738924;1979;9;12
Frederic;33.15714285714286;-63.857142857142854;hurricane;4;87.14285714285714;968.8571428571429;-0.8563684225082421;1979;9;13
Gloria;39.425;-38.65;hurricane;1;75.0;983.0;-0.6852954030036925;1979;9;14
Gloria;43.4;-34.0;hurricane;1;65.0;992.0;-0.592418670654297;1979;9;15
Henri;20.466666666666665;-94.3;hurricane;1;70.0;985.6666666666666;0.517062544822693;1979;9;17
Henri;20.9;-95.0;hurricane;1;65.0;992.0;0.517062544822693;1979;9;18
Allen;12.675;-54.525;hurricane;1;77.5;976.25;-0.235584989190102;1980;8;3
Allen;13.825;-62.0;hurricane;3;120.0;943.25;-0.235584989190102;1980;8;4
Allen;15.65;-69.525;hurricane;5;147.5;924.75;-0.42994392290711403;1980;8;5
Allen;18.825;-76.95;hurricane;5;123.75;952.5;-0.467125006020069;1980;8;6
Allen;20.825;-84.175;hurricane;4;150.0;922.25;-0.384309321641922;1980;8;7
Allen;23.075;-89.85;hurricane;5;132.5;941.25;-0.384309321641922;1980;8;8
Allen;25.025;-94.675;hurricane;5;141.25;915.5;0.020320661365985995;1980;8;9
Allen;26.475;-97.775;hurricane;3;91.25;952.5;0.155197322368622;1980;8;10
Bonnie;24.075;-39.025;hurricane;1;82.5;977.5;-0.24943266063928599;1980;8;16
Bonnie;28.5;-40.125;hurricane;1;67.5;988.75;0.0010988190770150064;1980;8;17
Bonnie;33.35;-40.5;hurricane;1;65.0;990.0;0.4427193477749828;1980;8;18
Bonnie;42.199999999999996;-39.46666666666667;hurricane;1;65.0;991.6666666666666;0.6997172037760416;1980;8;19
Charley;38.675;-65.825;hurricane;1;68.75;990.25;0.44782030582428;1980;8;23
Charley;38.0;-63.1;hurricane;1;65.0;991.0;0.44782030582428;1980;8;24
Georges;29.463636363636365;-41.054545454545455;hurricane;1;70.45454545454545;984.5454545454545;0.6020940027453684;1980;9;8
Earl;25.175;-37.05;hurricane;1;81.25;975.5;0.5056610070168975;1980;9;9
Earl;24.083333333333332;-35.016666666666666;hurricane;1;79.16666666666667;976.6666666666666;0.6081076065699261;1980;9;10
Frances;16.075000000000003;-35.275;hurricane;2;87.5;967.0;0.0092307887971401;1980;9;11
Frances;17.575;-37.325;hurricane;1;80.0;970.0;0.0092307887971401;1980;9;12
Frances;18.9;-41.4;hurricane;1;86.25;967.0;0.0092307887971401;1980;9;13
Frances;20.6;-46.375;hurricane;2;90.0;965.0;-0.03069318551570175;1980;9;14
Frances;24.05;-49.85;hurricane;2;90.0;965.0;-0.06938619539141652;1980;9;15
Frances;29.55;-50.15;hurricane;2;90.0;965.0;-1.018113017082212;1980;9;16
Frances;34.325;-46.875;hurricane;2;83.75;968.25;-0.9357855170965157;1980;9;17
Frances;38.375;-46.075;hurricane;1;80.0;970.5;-0.3756726309657095;1980;9;18
Frances;42.925;-45.075;hurricane;1;68.75;981.0;-0.406659632921219;1980;9;19
Frances;45.7;-41.0;hurricane;1;65.0;988.0;-1.12996113300323;1980;9;20
Ivan;28.925;-31.0;hurricane;1;78.75;980.75;-0.964203119277953;1980;10;6
Ivan;28.95;-31.425;hurricane;2;90.0;970.0;-0.910293221473694;1980;10;7
Ivan;30.85;-36.75;hurricane;2;90.0;970.0;-1.12593281269073;1980;10;8
Ivan;32.75;-40.95;hurricane;2;90.0;972.25;-1.12593281269073;1980;10;9
Ivan;37.15;-39.425;hurricane;2;87.5;978.25;-0.5554909259080872;1980;10;10
Ivan;45.725;-32.3;hurricane;1;68.75;988.25;-0.7683103829622244;1980;10;11
Jeanne;24.1;-87.1;hurricane;1;70.0;989.0;0.899288237094879;1980;11;11
Jeanne;23.9;-88.625;hurricane;2;71.25;992.25;0.899288237094879;1980;11;12
Karl;37.7;-44.7;hurricane;1;65.0;988.0;-1.34764790534973;1980;11;25
Karl;37.075;-43.0;hurricane;1;73.75;985.75;-1.34764790534973;1980;11;26
Karl;39.849999999999994;-35.7;hurricane;1;66.25;989.5;-1.573816657066345;1980;11;27
Dennis;36.3;-73.0;hurricane;1;65.0;995.0;0.134429916739464;1981;8;20
Dennis;37.1;-70.4;hurricane;1;70.0;995.0;0.134429916739464;1981;8;21
Emily;35.8;-62.35;hurricane;1;68.75;973.25;0.08588161319494263;1981;9;4
Emily;35.38;-61.9;hurricane;1;75.0;973.6;0.09895246028900162;1981;9;5
Emily;32.3;-63.412499999999994;hurricane;1;83.125;979.25;0.06414788775146005;1981;9;6
Emily;34.925;-62.0125;hurricane;1;85.0;976.125;0.036751091480255;1981;9;7
Floyd;30.633333333333336;-66.43333333333334;hurricane;2;90.0;994.0;-0.08769532044728601;1981;9;8
Gert;24.8;-74.4;hurricane;1;70.0;996.0;-0.0429573655128479;1981;9;10
Gert;28.3;-72.45;hurricane;1;86.25;989.75;-0.12261034920811663;1981;9;11
Gert;32.875;-67.69999999999999;hurricane;2;83.75;992.0;-0.0597632974386215;1981;9;12
Harvey;21.675;-59.775;hurricane;1;73.75;984.5;-0.0429573655128479;1981;9;13
Harvey;25.825;-62.5;hurricane;2;95.0;966.5;-0.11840886622667324;1981;9;14
Harvey;30.2;-61.6;hurricane;4;107.5;954.75;-0.10166133195161825;1981;9;15
Harvey;34.4;-57.425;hurricane;2;80.0;978.75;1.50532291084528;1981;9;16
Harvey;36.075;-53.15;hurricane;1;65.0;992.75;0.32587543129921;1981;9;17
Harvey;37.3;-49.05;hurricane;1;65.0;996.5;0.32587543129921;1981;9;18
Irene;16.95;-51.525;hurricane;1;76.25;981.75;0.452510833740234;1981;9;25
Irene;20.025;-54.65;hurricane;2;82.5;978.5;0.7823861837387069;1981;9;26
Irene;22.75;-56.9;hurricane;2;92.5;967.5;1.11226153373718;1981;9;27
Irene;26.475;-56.65;hurricane;3;103.75;961.75;1.3417313098907475;1981;9;28
Irene;31.950000000000003;-53.075;hurricane;3;96.25;966.75;1.7784093618392949;1981;9;29
Irene;38.075;-43.625;hurricane;2;77.5;981.25;0.2549311667680743;1981;9;30
Irene;41.3;-36.1;hurricane;1;65.0;989.0;0.0420983731746673;1981;10;1
Katrina;20.0;-80.46666666666665;hurricane;1;70.0;985.3333333333334;-0.7839069763819374;1981;11;5
Katrina;20.9;-79.5;hurricane;1;65.0;996.0;-0.571785092353821;1981;11;6
Alberto;24.0;-83.6;hurricane;1;75.0;985.0;-0.308104783296585;1982;6;3
Alberto;24.8;-83.4;hurricane;1;65.0;992.0;-0.308104783296585;1982;6;4
Debby;27.275;-69.85;hurricane;1;73.75;983.0;-0.220081150531769;1982;9;15
Debby;32.825;-66.4;hurricane;2;95.0;966.0;-0.5735609978437426;1982;9;16
Debby;36.975;-64.925;hurricane;2;96.25;964.5;-0.534729361534119;1982;9;17
Debby;41.0;-59.4;hurricane;4;108.75;954.0;-0.3195135034620765;1982;9;18
Debby;47.7;-48.65;hurricane;2;76.25;980.75;-0.20292932540178302;1982;9;19
Debby;50.8;-39.0;hurricane;1;70.0;987.0;0.298395097255707;1982;9;20
Alicia;27.775;-93.925;hurricane;1;75.0;983.75;0.549992978572845;1983;8;17
Alicia;29.025;-95.1;hurricane;2;93.75;964.75;0.549992978572845;1983;8;18
Barry;25.433333333333334;-97.10000000000001;hurricane;1;68.33333333333333;988.3333333333334;0.549992978572845;1983;8;28
Chantal;32.8;-60.0;hurricane;1;65.0;994.0;0.28331458568573;1983;9;11
Chantal;33.775;-57.075;hurricane;1;65.0;994.0;0.28331458568573;1983;9;12
Diana;30.65;-79.8;hurricane;1;67.5;988.5;0.0050053596496582;1984;9;10
Diana;32.275;-78.55;hurricane;1;93.75;966.25;0.0050053596496582;1984;9;11
Diana;33.95;-77.35;hurricane;4;98.75;962.25;0.0050053596496582;1984;9;12
Diana;33.9;-77.9;hurricane;2;77.5;979.75;0.0050053596496582;1984;9;13
Hortense;29.7;-60.8;hurricane;1;65.0;996.0;-2.01389384269714;1984;9;25
Hortense;30.2;-61.1;hurricane;1;65.0;993.0;-2.0590934753418;1984;9;26
Josephine;27.566666666666666;-72.5;hurricane;1;68.33333333333333;986.3333333333334;-2.01389384269714;1984;10;10
Josephine;29.65;-72.225;hurricane;1;81.25;976.75;-2.03649365901947;1984;10;11
Josephine;32.575;-71.725;hurricane;2;90.0;974.0;-2.0590934753418;1984;10;12
Josephine;35.125;-71.4;hurricane;2;80.0;973.0;-1.572601675987245;1984;10;13
Josephine;36.575;-71.45;hurricane;1;67.5;972.75;-1.08610987663269;1984;10;14
Josephine;36.625;-67.4;hurricane;1;66.25;968.75;-1.08610987663269;1984;10;15
Josephine;39.5;-60.575;hurricane;1;65.0;979.5;-0.9854126274585719;1984;10;16
Josephine;41.3;-56.6;hurricane;1;65.0;988.0;1.11744105815887;1984;10;17
Klaus;19.65;-62.675;hurricane;1;72.5;987.75;0.597742319107056;1984;11;8
Klaus;21.5;-59.775;hurricane;1;80.0;980.75;-0.073183037340641;1984;11;9
Klaus;25.7;-55.9;hurricane;1;76.25;977.25;-0.293007303029299;1984;11;10
Klaus;31.525;-52.65;hurricane;1;71.25;975.75;0.25451123714447027;1984;11;11
Klaus;34.800000000000004;-54.199999999999996;hurricane;1;68.33333333333333;983.0;0.37313831349213933;1984;11;12
Lili;30.8;-52.349999999999994;hurricane;1;70.0;980.0;-0.97540295124054;1984;12;20
Lili;29.25;-52.075;hurricane;1;70.0;980.0;-0.8943572342395785;1984;12;21
Lili;26.4;-53.675;hurricane;1;70.0;980.0;-0.4865418523550035;1984;12;22
Lili;23.6;-57.1;hurricane;1;65.0;987.0;0.65585857629776;1984;12;23
Bob;30.5;-80.5;hurricane;1;65.0;1003.0;-0.146526604890823;1985;7;24
Bob;31.900000000000002;-80.5;hurricane;1;65.0;1002.5;-0.146526604890823;1985;7;25
Claudette;35.333333333333336;-50.13333333333333;hurricane;1;65.0;987.0;-0.378516614437103;1985;8;14
Claudette;31.84444444444445;-69.61111111111111;hurricane;1;73.88888888888889;986.8888888888889;-0.5260965327421822;1985;8;15
Elena;25.45;-85.4;hurricane;1;67.5;992.0;-1.11429464817047;1985;8;29
Elena;27.525;-86.975;hurricane;1;83.75;979.5;-1.11429464817047;1985;8;30
Elena;28.65;-84.925;hurricane;2;90.0;975.5;-1.11429464817047;1985;8;31
Elena;28.725;-84.175;hurricane;2;102.5;962.75;-1.11429464817047;1985;9;1
Elena;29.924999999999997;-87.8;hurricane;3;103.75;957.0;-0.7138669192790981;1985;9;2
Gloria;17.7;-55.3;hurricane;1;65.0;1000.0;-0.663901448249817;1985;9;21
Gloria;17.95;-57.65;hurricane;1;67.5;994.5;-0.663901448249817;1985;9;22
Gloria;20.025;-62.2;hurricane;1;67.5;986.5;-0.714914232492447;1985;9;23
Gloria;22.275;-67.3;hurricane;2;100.0;948.25;-0.765927016735077;1985;9;24
Gloria;25.575;-71.475;hurricane;4;113.75;924.75;-0.4414014965295795;1985;9;25
Gloria;29.525;-75.175;hurricane;2;82.5;943.5;-0.11770115047693276;1985;9;26
Gloria;37.46666666666667;-74.61666666666666;hurricane;2;84.16666666666667;950.3333333333334;0.9716101363301303;1985;9;27
Juan;28.775;-91.925;hurricane;1;71.25;975.0;2.24771976470947;1985;10;28
Juan;29.25;-91.775;hurricane;1;68.75;974.0;2.24771976470947;1985;10;29
Kate;21.1;-65.3;hurricane;1;70.0;987.0;-1.12658095359802;1985;11;16
Kate;20.725;-67.125;hurricane;1;76.25;981.0;-1.12658095359802;1985;11;17
Kate;21.625;-72.55;hurricane;1;81.25;974.5;-1.12658095359802;1985;11;18
Kate;22.525;-79.325;hurricane;2;90.0;970.5;-1.12658095359802;1985;11;19
Kate;24.925;-84.825;hurricane;2;97.5;962.75;-0.958178251981734;1985;11;20
Kate;28.360000000000003;-86.22;hurricane;3;94.0;962.8;-0.6353265643119812;1985;11;21
Kate;30.85;-84.3;hurricane;1;72.5;979.0;-0.017530620098114;1985;11;22
Bonnie;27.7;-92.2;hurricane;1;65.0;1001.0;0.0369343310594558;1986;6;25
Bonnie;29.175;-93.775;hurricane;1;71.25;994.0;0.0369343310594558;1986;6;26
Charley;34.833333333333336;-76.43333333333334;hurricane;1;65.0;989.6666666666666;0.19941862424214665;1986;8;17
Charley;36.95;-75.5;hurricane;1;67.5;988.5;0.575004398822784;1986;8;18
Earl;25.0;-53.4;hurricane;1;70.0;999.0;-0.0564862228929996;1986;9;11
Earl;26.475;-54.574999999999996;hurricane;1;82.5;990.5;-0.0564862228929996;1986;9;12
Earl;29.125;-55.1;hurricane;2;90.0;983.0;-0.0394582329317927;1986;9;13
Earl;30.525;-52.75;hurricane;2;90.0;980.0;0.011625736951828;1986;9;14
Earl;29.8;-50.35;hurricane;2;88.75;980.75;-0.022430242970585802;1986;9;15
Earl;29.075;-48.925;hurricane;1;77.5;983.5;0.397316813468933;1986;9;16
Earl;31.125;-50.45;hurricane;1;71.25;985.5;0.3946319669485092;1986;9;17
Earl;37.325;-48.975;hurricane;1;66.25;988.5;0.7129660993814475;1986;9;18
Frances;27.766666666666666;-59.76666666666667;hurricane;1;71.66666666666667;1000.3333333333334;-1.67168128490448;1986;11;20
Frances;29.4;-58.1;hurricane;1;67.5;1001.5;-1.67168128490448;1986;11;21
Arlene;38.0;-42.833333333333336;hurricane;1;65.0;987.3333333333334;1.77394127845764;1987;8;22
Arlene;45.125;-37.375;hurricane;1;65.0;987.5;2.2373596429824802;1987;8;23
Emily;15.9;-67.7;hurricane;1;93.33333333333333;969.0;0.42644897103309604;1987;9;22
Emily;18.366666666666667;-70.96666666666667;hurricane;3;90.0;969.6666666666666;0.42644897103309604;1987;9;23
Emily;32.475;-64.325;hurricane;1;76.25;976.75;1.557367265224458;1987;9;25
Emily;41.333333333333336;-48.833333333333336;hurricane;1;70.0;979.3333333333334;0.8973790804545086;1987;9;26
Floyd;24.599999999999998;-81.63333333333334;hurricane;1;65.0;993.0;0.780305465062459;1987;10;12
Debby;20.8;-96.6;hurricane;1;65.0;992.0;-0.689678847789764;1988;9;2
Debby;20.7;-97.3;hurricane;1;65.0;987.0;-0.689678847789764;1988;9;3
Florence;27.95;-89.25;hurricane;1;67.5;983.5;-1.19721114635468;1988;9;9
Florence;28.9;-89.3;hurricane;1;70.0;983.5;-1.19721114635468;1988;9;10
Gilbert;16.1;-68.75;hurricane;1;85.0;979.0;0.274200260639191;1988;9;11
Gilbert;17.48;-74.94;hurricane;3;110.0;961.2;0.274200260639191;1988;9;12
Gilbert;18.725;-80.45;hurricane;3;122.5;937.75;0.274200260639191;1988;9;13
Gilbert;20.32;-86.08;hurricane;5;146.0;898.8;-0.304127204418182;1988;9;14
Gilbert;21.725;-91.175;hurricane;3;91.25;948.25;-0.689678847789764;1988;9;15
Gilbert;23.439999999999998;-95.86;hurricane;3;110.0;949.6;0.0725165233016014;1988;9;16
Gilbert;24.4;-98.2;hurricane;1;80.0;964.0;0.0725165233016014;1988;9;17
Helene;12.25;-39.349999999999994;hurricane;1;72.5;990.5;0.0941904187202453;1988;9;21
Helene;13.1;-41.875;hurricane;1;91.25;968.5;0.0941904187202453;1988;9;22
Helene;14.5;-45.125;hurricane;3;117.5;943.75;-0.03761769086122527;1988;9;23
Helene;17.0;-47.725;hurricane;4;116.25;946.5;-0.433042019605637;1988;9;24
Helene;19.75;-49.075;hurricane;3;96.25;964.0;-0.1802627481520178;1988;9;25
Helene;23.975;-49.85;hurricane;2;82.5;973.75;0.22047653980553156;1988;9;26
Helene;29.0;-51.725;hurricane;1;75.0;978.5;0.846521347761154;1988;9;27
Helene;33.225;-50.575;hurricane;1;80.0;975.75;1.39301562309265;1988;9;28
Helene;39.3;-45.35;hurricane;2;85.0;973.0;0.976501286029815;1988;9;29
Helene;48.2;-36.65;hurricane;1;65.0;987.5;0.48877553641796356;1988;9;30
Joan;11.575;-75.325;hurricane;1;72.5;985.25;0.0828017145395279;1988;10;18
Joan;11.3;-78.05;hurricane;2;100.0;964.75;0.0828017145395279;1988;10;19
Joan;11.2;-79.625;hurricane;3;82.5;966.75;0.0828017145395279;1988;10;20
Joan;11.6;-81.0;hurricane;1;93.75;964.5;0.0828017145395279;1988;10;21
Joan;11.92;-83.66;hurricane;4;112.0;944.0;0.0828017145395279;1988;10;22
Chantal;28.925;-93.75;hurricane;1;68.75;987.0;0.328809589147568;1989;8;1
Dean;17.6;-58.8;hurricane;1;67.5;993.0;-0.647758781909943;1989;8;2
Dean;19.1;-62.125;hurricane;1;72.5;986.75;-0.647758781909943;1989;8;3
Dean;20.75;-63.849999999999994;hurricane;1;75.0;985.25;-0.193974614143372;1989;8;4
Dean;24.175;-63.875;hurricane;1;75.0;981.5;-0.063278563320637;1989;8;5
Dean;30.0;-64.75;hurricane;1;80.0;975.75;0.736740514636039;1989;8;6
Dean;36.625;-64.2;hurricane;2;86.25;972.0;1.36991995573044;1989;8;7
Dean;42.900000000000006;-60.900000000000006;hurricane;1;70.0;976.5;0.958433032035828;1989;8;8
Erin;29.25;-44.85;hurricane;1;67.5;984.5;1.49333679676056;1989;8;22
Erin;31.175;-46.1;hurricane;1;76.25;978.0;1.380863904953;1989;8;23
Erin;33.775;-44.725;hurricane;2;87.5;970.75;1.015233367681501;1989;8;24
Erin;38.375;-40.375;hurricane;2;88.75;970.25;-0.1085539683699607;1989;8;25
Erin;45.8;-35.5;hurricane;1;72.5;981.25;0.2703740149736405;1989;8;26
Gabrielle;12.100000000000001;-34.25;hurricane;1;65.0;987.0;-0.213818520307541;1989;9;1
Gabrielle;14.125;-41.175;hurricane;1;82.5;975.25;-0.213818520307541;1989;9;2
Gabrielle;16.04;-48.54;hurricane;2;102.0;949.2;0.295149087905884;1989;9;3
Gabrielle;17.75;-53.2;hurricane;3;112.5;940.25;0.295149087905884;1989;9;4
Felix;27.17142857142857;-53.25714285714286;hurricane;1;101.42857142857143;959.4285714285714;0.3353995765958516;1989;9;5
Felix;30.4375;-53.55;hurricane;1;96.875;962.25;0.5213017761707309;1989;9;6
Felix;30.32;-57.5;hurricane;1;96.0;956.0;1.1558432102203369;1989;9;7
Gabrielle;34.325;-59.625;hurricane;2;87.5;959.25;0.6496028304100022;1989;9;8
Gabrielle;38.15;-59.95;hurricane;1;68.75;986.0;-0.0816582441329956;1989;9;9
Gabrielle;39.1;-60.3;hurricane;1;65.0;990.0;-0.0816582441329956;1989;9;10
Hugo;12.8;-43.5;hurricane;1;65.0;987.0;-0.213818520307541;1989;9;13
Hugo;13.175;-47.025;hurricane;1;81.25;977.25;-0.213818520307541;1989;9;14
Hugo;14.15;-52.575;hurricane;3;118.75;944.25;-0.213818520307541;1989;9;15
Hugo;15.275;-57.8;hurricane;4;126.25;932.75;-0.37690356373786876;1989;9;16
Hugo;16.46;-61.839999999999996;hurricane;4;122.0;943.8;-0.25360357761383;1989;9;17
Hugo;18.1;-65.28;hurricane;4;115.0;944.6;-0.25360357761383;1989;9;18
Hugo;21.15;-67.675;hurricane;3;92.5;962.75;0.3450260013341905;1989;9;19
Hugo;24.85;-70.65;hurricane;2;92.5;956.25;1.065250128507612;1989;9;20
Hugo;28.6;-75.475;hurricane;3;107.5;948.0;1.4541099965572326;1989;9;21
Hugo;32.666666666666664;-79.63333333333333;hurricane;4;108.33333333333333;940.3333333333334;1.05864679813385;1989;9;22
Jerry;28.35;-94.69999999999999;hurricane;1;67.5;984.0;1.58593106269836;1989;10;15
Jerry;29.15;-95.0;hurricane;1;75.0;983.0;1.58593106269836;1989;10;16
Bertha;30.766666666666666;-72.93333333333334;hurricane;1;65.0;989.0;-0.672600626945496;1990;7;29
Bertha;35.2;-67.9;hurricane;1;65.0;982.0;-0.008913606405258512;1990;7;30
Bertha;37.85;-66.175;hurricane;1;66.25;975.5;0.654773414134979;1990;7;31
Bertha;40.85;-63.1;hurricane;1;65.0;976.5;0.851830616593361;1990;8;1
Bertha;44.2;-60.5;hurricane;1;70.0;973.0;0.917516350746155;1990;8;2
Diana;20.825;-96.075;hurricane;1;77.5;984.0;0.324820578098297;1990;8;7
Gustav;14.75;-55.95;hurricane;1;67.5;987.0;0.410846933722496;1990;8;26
Gustav;16.275000000000002;-57.725;hurricane;1;86.25;971.25;0.615585088729858;1990;8;27
Gustav;19.55;-58.075;hurricane;2;87.5;971.5;0.837132453918459;1990;8;28
Gustav;23.299999999999997;-57.8;hurricane;1;73.75;981.5;1.05867981910706;1990;8;29
Gustav;26.5;-57.8;hurricane;1;87.5;969.5;1.15158998966217;1990;8;30
Gustav;30.975;-57.225;hurricane;3;101.25;958.5;2.5941505730152126;1990;8;31
Gustav;36.2;-53.825;hurricane;2;87.5;968.75;1.686264276504515;1990;9;1
Gustav;40.733333333333334;-49.76666666666667;hurricane;1;70.0;981.6666666666666;0.8128619591395053;1990;9;2
Isidore;17.875;-37.4;hurricane;1;76.25;983.5;0.615585088729858;1990;9;7
Isidore;22.166666666666668;-38.733333333333334;hurricane;1;70.0;986.0;1.05867981910706;1990;9;8
Isidore;28.6;-44.2;hurricane;1;65.0;990.0;1.15158998966217;1990;9;9
Isidore;29.575;-45.85;hurricane;1;65.0;987.0;1.6324435174465175;1990;9;10
Isidore;31.575;-47.775;hurricane;1;75.0;982.5;3.07500410079956;1990;9;11
Isidore;33.475;-50.15;hurricane;1;71.25;983.0;3.07500410079956;1990;9;12
Isidore;34.7;-50.725;hurricane;1;65.0;987.0;2.612090826034545;1990;9;13
Isidore;36.425;-49.025;hurricane;1;65.0;987.0;1.2233510017395;1990;9;14
Isidore;39.1;-47.525;hurricane;1;65.0;987.0;1.069417610764502;1990;9;15
Isidore;40.5;-48.5;hurricane;1;65.0;987.0;0.964574933052063;1990;9;16
Josephine;26.916666666666668;-47.050000000000004;hurricane;1;69.16666666666667;985.5;1.6092135210831946;1990;10;5
Josephine;31.03333333333333;-46.699999999999996;hurricane;1;68.33333333333333;987.0;0.5615839262803394;1990;10;6
Lili;30.8;-60.0;hurricane;1;65.0;988.0;2.21033191680908;1990;10;11
Lili;30.2;-69.15;hurricane;1;65.0;994.25;2.70287215709686;1990;10;12
Lili;32.650000000000006;-72.3;hurricane;1;65.0;992.0;2.21033191680908;1990;10;13
Nana;22.8;-63.5;hurricane;1;65.0;995.0;1.95306217670441;1990;10;17
Nana;24.65;-64.125;hurricane;1;72.5;992.0;1.430388748645784;1990;10;18
Nana;28.1;-66.35;hurricane;1;70.0;991.25;0.907715320587158;1990;10;19
Bob;29.0;-77.1;hurricane;1;65.0;986.0;-0.000298012048006;1991;8;17
Bob;31.175;-76.65;hurricane;1;77.5;974.5;0.3541395394131545;1991;8;18
Bob;38.519999999999996;-73.16;hurricane;2;93.0;957.2;1.4536847352981535;1991;8;19
Claudette;26.299999999999997;-59.25;hurricane;1;85.0;972.0;-0.000298012048006;1991;9;6
Claudette;27.060000000000002;-61.379999999999995;hurricane;3;109.0;949.8;-0.000298012048006;1991;9;7
Claudette;29.65;-63.1;hurricane;2;85.0;964.75;0.235993688926101;1991;9;8
Claudette;33.2;-60.85;hurricane;1;76.25;978.0;0.472285389900208;1991;9;9
Claudette;34.3;-57.4;hurricane;1;70.0;988.0;0.472285389900208;1991;9;10
Grace;32.125;-68.225;hurricane;1;65.0;983.25;-1.14561438560486;1991;10;28
Grace;31.6;-64.275;hurricane;1;80.0;981.25;-1.14561438560486;1991;10;29
AL121991;38.2;-66.5;hurricane;1;65.0;980.0;-0.624176383018494;1991;11;1
AL121991;39.5;-65.7;hurricane;1;65.0;981.0;-0.624176383018494;1991;11;2
Andrew;25.7;-68.33333333333333;hurricane;1;80.0;981.3333333333334;0.05232204496860501;1992;8;22
Andrew;25.46;-74.03999999999999;hurricane;3;135.0;937.2;0.052322044968605;1992;8;23
Andrew;25.514285714285712;-79.91428571428571;hurricane;4;129.28571428571428;934.8571428571429;0.052322044968605;1992;8;24
Andrew;26.95;-87.375;hurricane;4;118.75;944.5;0.052322044968605;1992;8;25
Andrew;29.35;-91.25;hurricane;4;106.25;955.25;0.34179226681590125;1992;8;26
Bonnie;34.3;-58.1;hurricane;1;65.0;988.0;0.153134912252426;1992;9;18
Bonnie;34.625;-57.275;hurricane;1;82.5;974.75;-0.157658599317073;1992;9;19
Bonnie;36.25;-56.075;hurricane;2;86.25;972.5;-1.09003913402557;1992;9;20
Bonnie;37.25;-53.425;hurricane;2;91.25;968.75;-1.09003913402557;1992;9;21
Bonnie;37.75;-51.15;hurricane;2;92.5;967.5;-1.09003913402557;1992;9;22
Bonnie;36.71666666666667;-45.38333333333333;hurricane;2;80.0;976.8333333333334;-0.8828434596459039;1992;9;23
Bonnie;36.55714285714286;-41.6;hurricane;1;81.42857142857143;975.1428571428571;-1.09003913402557;1992;9;24
Charley;35.975;-33.5;hurricane;2;86.25;971.5;-1.09003913402557;1992;9;25
Charley;36.225;-31.799999999999997;hurricane;1;66.25;979.75;-1.09003913402557;1992;9;26
Frances;28.7;-61.1;hurricane;1;65.0;986.0;-0.99502444267273;1992;10;23
Frances;30.325000000000003;-59.175;hurricane;1;71.25;976.75;-0.602226883172989;1992;10;24
Frances;35.733333333333334;-54.93333333333334;hurricane;1;66.66666666666667;980.0;-0.22781422734260534;1992;10;25
Emily;26.9;-61.7;hurricane;1;65.0;1004.0;0.115589253604412;1993;8;26
Emily;26.4;-64.4;hurricane;1;65.0;982.0;0.115589253604412;1993;8;27
Emily;27.25;-66.45;hurricane;1;75.0;980.0;0.115589253604412;1993;8;28
Emily;29.625;-68.975;hurricane;1;70.0;977.0;-0.34218338504433654;1993;8;29
Emily;31.625;-71.15;hurricane;1;72.5;975.5;-0.799956023693085;1993;8;30
Emily;33.72;-74.36;hurricane;1;92.0;966.0;-0.7654087543487552;1993;8;31
Emily;36.975;-73.17500000000001;hurricane;3;96.25;964.0;-0.627219676971436;1993;9;1
Emily;39.1;-64.875;hurricane;2;88.75;972.5;-0.627219676971436;1993;9;2
Emily;38.06666666666667;-58.53333333333333;hurricane;1;75.0;979.6666666666666;-0.627219676971436;1993;9;3
Floyd;41.7;-58.3;hurricane;1;65.0;990.0;-0.999491691589356;1993;9;9
Floyd;45.23333333333333;-48.23333333333333;hurricane;1;65.0;990.0;-1.166500012079872;1993;9;10
Gert;24.080000000000002;-88.12;hurricane;1;76.0;978.0;0.771720528602602;1993;9;20
Gert;21.1;-98.3;hurricane;1;65.0;984.0;1.25116014480591;1993;9;21
Chris;15.233333333333334;-48.03333333333333;hurricane;1;65.0;987.0;-0.960698862870535;1994;8;18
Chris;18.525;-52.525;hurricane;1;70.0;980.75;-1.4173762202262874;1994;8;19
Chris;21.3;-55.6;hurricane;1;65.0;984.0;-1.42308914661407;1994;8;20
Florence;28.1;-54.0;hurricane;1;65.0;990.0;1.10756123065948;1994;11;4
Florence;29.7;-55.400000000000006;hurricane;1;68.75;984.5;1.28886431455612;1994;11;5
Florence;32.225;-56.875;hurricane;1;72.5;980.5;1.47016739845276;1994;11;6
Florence;34.2;-55.1;hurricane;1;76.25;977.5;1.2688779234886176;1994;11;7
Florence;40.55;-43.075;hurricane;2;87.5;976.25;1.1742306947708103;1994;11;8
Gordon;31.5;-74.8;hurricane;1;65.0;981.0;-0.0591994524002075;1994;11;17
Gordon;33.43333333333334;-74.86666666666667;hurricane;1;71.66666666666667;981.6666666666666;-0.0591994524002075;1994;11;18
Allison;25.45;-86.2;hurricane;1;65.0;987.5;0.25233010947704326;1995;6;4
Allison;27.6;-86.1;hurricane;1;65.0;988.0;0.0325943529605865;1995;6;5
Erin;24.925;-76.15;hurricane;1;73.75;986.25;1.1453963816165929;1995;8;1
Erin;27.433333333333334;-79.89999999999999;hurricane;1;75.0;983.6666666666666;1.48397183418274;1995;8;2
Erin;29.8;-86.41666666666667;hurricane;1;73.33333333333333;978.1666666666666;1.1203278899192814;1995;8;3
Felix;20.05;-54.55;hurricane;1;76.25;976.0;0.925204068422318;1995;8;11
Felix;23.225;-59.5;hurricane;3;111.25;939.75;0.806820929050446;1995;8;12
Felix;26.25;-62.025;hurricane;4;103.75;939.0;1.48397183418274;1995;8;13
Felix;29.45;-63.224999999999994;hurricane;2;81.25;956.5;1.3021498620510106;1995;8;14
Felix;32.2;-66.875;hurricane;1;72.5;964.75;0.756683945655823;1995;8;15
Felix;34.225;-71.625;hurricane;1;70.0;966.75;0.756683945655823;1995;8;16
Felix;35.875;-72.67500000000001;hurricane;1;65.0;971.0;-1.48777055740356;1995;8;17
Felix;36.975;-70.25;hurricane;1;66.25;971.25;-1.48777055740356;1995;8;18
Felix;35.95;-67.7;hurricane;1;70.0;971.0;-1.48777055740356;1995;8;19
Felix;35.1;-67.5;hurricane;1;65.0;976.0;-1.48777055740356;1995;8;20
Humberto;15.0;-42.8;hurricane;1;71.25;986.25;0.5580397248268127;1995;8;23
Humberto;15.228571428571428;-47.41428571428571;hurricane;1;79.28571428571429;980.4285714285714;0.5669405715806144;1995;8;24
Humberto;17.225;-44.8;hurricane;2;90.0;970.0;0.57880836725235;1995;8;25
Humberto;20.35;-47.35;hurricane;2;86.25;971.75;0.6898435503244402;1995;8;26
Humberto;23.65;-48.2;hurricane;1;73.75;983.0;0.8399863839149478;1995;8;27
Humberto;26.0;-51.64;hurricane;1;65.0;989.4;1.0888748168945315;1995;8;28
Humberto;26.0125;-55.8375;hurricane;1;72.5;978.875;0.3862479627132411;1995;8;29
Humberto;28.6125;-53.9;hurricane;1;76.25;974.375;-0.2305805832147602;1995;8;30
Humberto;25.44;-47.78;hurricane;1;78.5;974.9;0.046690982580186335;1995;8;31
Iris;20.7375;-51.1125;hurricane;2;99.375;961.125;0.8790940344333651;1995;9;1
Iris;22.225;-53.7375;hurricane;2;99.375;962.125;0.8790940344333651;1995;9;2
Iris;26.3625;-55.0375;hurricane;1;97.5;965.0;-0.3545630574226375;1995;9;3
Iris;21.82;-56.36;hurricane;1;115.0;951.4;0.13366270065307595;1995;9;4
Luis;17.475;-61.3;hurricane;4;118.75;942.0;0.57880836725235;1995;9;5
Luis;19.2;-63.925000000000004;hurricane;4;120.0;941.0;0.6158200949430468;1995;9;6
Luis;21.7;-66.3;hurricane;4;118.75;938.25;0.726855278015137;1995;9;7
Luis;25.75;-68.9;hurricane;4;111.25;939.75;1.0662485957145693;1995;9;8
Luis;29.975;-69.25;hurricane;3;92.5;950.25;0.0456406474113451;1995;9;9
Luis;36.46666666666667;-65.43333333333334;hurricane;2;85.0;961.0;-1.3545465071996032;1995;9;10
Marilyn;14.24;-59.67999999999999;hurricane;1;69.0;985.6;0.5289636254310606;1995;9;14
Marilyn;16.625;-63.05;hurricane;1;80.0;976.25;0.57880836725235;1995;9;15
Marilyn;18.775;-65.525;hurricane;2;95.0;953.75;0.295740962028503;1995;9;16
Marilyn;21.439999999999998;-67.72;hurricane;3;91.0;957.0;0.013866886496543798;1995;9;17
Marilyn;25.575;-69.325;hurricane;2;83.75;965.0;-0.12197425961494429;1995;9;18
Marilyn;30.4;-68.375;hurricane;1;77.5;972.25;0.08502445369958901;1995;9;19
Marilyn;36.4;-65.6;hurricane;1;73.75;977.0;0.3341656997799873;1995;9;20
Marilyn;39.23333333333333;-61.93333333333334;hurricane;1;65.0;984.3333333333334;0.333119750022888;1995;9;21
Noel;15.2;-42.6;hurricane;1;65.0;987.0;0.295740962028503;1995;9;28
Noel;17.0;-41.975;hurricane;1;65.0;987.0;0.295740962028503;1995;9;29
Noel;19.15;-40.45;hurricane;1;65.0;987.0;0.295740962028503;1995;9;30
Opal;21.1;-92.3;hurricane;1;65.0;972.5;0.0138668864965438;1995;10;2
Opal;22.55;-91.7;hurricane;1;77.5;968.0;0.0138668864965438;1995;10;3
Opal;27.266666666666666;-88.60000000000001;hurricane;3;113.33333333333333;933.8333333333334;-0.052974688510099864;1995;10;4
Noel;31.98;-50.760000000000005;hurricane;1;68.0;979.6;0.337303549051285;1995;10;5
Roxanne;19.625;-85.5;hurricane;1;86.25;969.75;0.22527244314551317;1995;10;10
Roxanne;19.919999999999998;-88.35999999999999;hurricane;3;87.0;971.2;0.12661651670932747;1995;10;11
Roxanne;19.5;-91.15;hurricane;1;65.0;991.0;0.295740962028503;1995;10;12
Roxanne;22.3;-93.55;hurricane;1;67.5;980.0;0.0138668864965438;1995;10;14
Roxanne;21.2;-92.2;hurricane;1;73.75;979.5;0.0138668864965438;1995;10;15
Roxanne;20.35;-91.85;hurricane;1;68.75;984.25;0.0138668864965438;1995;10;16
Roxanne;20.6;-92.4;hurricane;1;65.0;991.0;0.545052170753479;1995;10;17
Tanya;30.85;-55.099999999999994;hurricane;1;67.5;982.5;1.30437588691711;1995;10;29
Tanya;32.825;-53.55;hurricane;1;71.25;979.0;1.30437588691711;1995;10;30
Tanya;35.825;-46.85;hurricane;1;75.0;973.25;0.908487558364867;1995;10;31
Tanya;37.75;-39.15;hurricane;1;67.5;974.0;0.776524782180786;1995;11;1
Bertha;16.5;-58.4;hurricane;1;70.0;992.0;0.793979585170746;1996;7;7
Bertha;17.775;-62.575;hurricane;1;73.75;983.5;0.793979585170746;1996;7;8
Bertha;20.9;-68.575;hurricane;1;92.5;965.5;0.5530693829059605;1996;7;9
Bertha;24.975;-74.425;hurricane;2;81.25;968.5;0.17230979353189502;1996;7;10
Bertha;28.75;-77.175;hurricane;1;73.75;974.25;-0.2556468732655047;1996;7;11
Bertha;32.4;-78.24;hurricane;1;81.0;977.8;-0.638148307800293;1996;7;12
Bertha;35.0;-77.6;hurricane;1;65.0;993.0;-0.0701891779899597;1996;7;13
Cesar;11.7;-80.25;hurricane;1;67.5;993.0;0.0180399119853973;1996;7;27
Cesar;12.166666666666666;-83.56666666666666;hurricane;1;71.66666666666667;989.0;0.0180399119853973;1996;7;28
Dolly;19.15;-87.75;hurricane;1;65.0;999.0;0.572883129119873;1996;8;20
Dolly;16.5;-58.6;hurricane;1;66.66666666666667;987.6666666666666;-0.01698929071426399;1996;8;23
Edouard;14.3;-42.95;hurricane;1;83.75;973.25;-0.347821980714798;1996;8;24
Edouard;15.7;-47.675;hurricane;4;123.75;936.0;0.572883129119873;1996;8;25
Edouard;17.7;-52.65;hurricane;4;125.0;936.75;0.572883129119873;1996;8;26
Edouard;19.7;-57.475;hurricane;4;118.75;948.25;0.6087796092033385;1996;8;27
Edouard;21.6;-62.475;hurricane;4;115.0;953.0;0.644676089286804;1996;8;28
Edouard;20.6;-61.575;hurricane;3;89.375;970.75;0.6087796092033385;1996;8;29
Edouard;23.728571428571428;-65.44285714285715;hurricane;4;96.42857142857143;960.4285714285714;0.4198742083140782;1996;8;30
Edouard;27.8;-67.43333333333332;hurricane;3;91.66666666666667;961.0;-0.29745695491631835;1996;8;31
Edouard;28.9375;-66.525;hurricane;3;81.875;969.75;-0.309109941124918;1996;9;1
Edouard;31.75;-67.4375;hurricane;1;73.125;970.625;-0.39677628874778803;1996;9;2
Fran;24.625;-70.625;hurricane;1;80.0;973.25;0.5597864463925359;1996;9;3
Fran;26.7;-74.3;hurricane;2;101.25;955.5;0.305117517709732;1996;9;4
Fran;30.425;-76.95;hurricane;3;102.5;951.0;-0.41064314544200897;1996;9;5
Fran;34.26666666666667;-78.23333333333333;hurricane;3;88.33333333333333;959.3333333333334;-1.1870669921239234;1996;9;6
Hortense;16.333333333333332;-65.03333333333333;hurricane;1;70.0;987.3333333333334;0.572883129119873;1996;9;9
Hortense;18.075;-67.3;hurricane;1;67.5;989.25;0.572883129119873;1996;9;10
Hortense;20.525;-69.775;hurricane;1;82.5;974.5;0.6267278492450712;1996;9;11
Hortense;23.475;-71.525;hurricane;3;108.75;958.5;0.644676089286804;1996;9;12
Hortense;28.275;-71.025;hurricane;4;108.75;943.25;-0.052762813866138514;1996;9;13
Hortense;37.425;-67.55;hurricane;2;85.0;955.75;-1.3278136253356951;1996;9;14
Hortense;44.86666666666667;-62.43333333333334;hurricane;1;68.33333333333333;976.0;-1.6920640071233102;1996;9;15
Isidore;12.299999999999999;-35.699999999999996;hurricane;1;71.66666666666667;980.3333333333334;-0.354667067527771;1996;9;26
Isidore;13.95;-40.425;hurricane;1;87.5;969.25;-0.354667067527771;1996;9;27
Isidore;17.325;-43.1;hurricane;3;96.25;963.5;-0.208329424262047;1996;9;28
Isidore;21.3;-41.825;hurricane;2;73.75;980.0;-0.171652212738991;1996;9;29
Lili;20.05;-83.3;hurricane;1;67.5;985.5;-0.18320365250110598;1996;10;17
Lili;22.06;-81.7;hurricane;1;79.0;977.4;-0.038360983133316;1996;10;18
Lili;24.1;-74.975;hurricane;2;91.25;966.75;0.08314549922943125;1996;10;19
Lili;28.875;-65.975;hurricane;1;80.0;965.5;0.572560213506222;1996;10;20
Lili;33.15;-58.7;hurricane;1;68.75;984.5;0.947246015071869;1996;10;21
Lili;33.75;-54.925;hurricane;1;65.0;987.0;0.947246015071869;1996;10;22
Lili;33.25;-53.65;hurricane;1;66.25;983.0;0.947246015071869;1996;10;23
Lili;33.95;-52.1;hurricane;1;71.25;979.0;0.947246015071869;1996;10;24
Lili;35.575;-46.599999999999994;hurricane;1;81.25;972.75;-0.037449330091475996;1996;10;25
Lili;39.26666666666667;-38.53333333333333;hurricane;1;70.0;977.3333333333334;-0.36190715432167003;1996;10;26
Marco;14.0;-78.15;hurricane;1;65.0;986.0;1.11672687530518;1996;11;20
Bill;38.766666666666666;-59.833333333333336;hurricane;1;65.0;986.6666666666666;-0.633476316928864;1997;7;12
Danny;29.425;-89.5;hurricane;1;67.5;989.75;0.481928318738937;1997;7;18
Danny;30.160000000000004;-88.1;hurricane;1;68.0;985.0;-0.2149016916751862;1997;7;19
Erika;15.2;-53.7;hurricane;1;65.0;999.0;0.558126330375671;1997;9;4
Erika;16.25;-56.849999999999994;hurricane;1;65.0;995.25;0.558126330375671;1997;9;5
Erika;18.3;-60.45;hurricane;1;70.0;984.0;0.558126330375671;1997;9;6
Erika;19.975;-62.875;hurricane;1;78.75;975.5;0.4325173199176785;1997;9;7
Erika;22.175;-62.95;hurricane;2;102.5;959.0;0.306908309459686;1997;9;8
Erika;25.925;-61.1;hurricane;3;110.0;948.0;0.31804680824279796;1997;9;9
Erika;31.475;-58.575;hurricane;3;97.5;962.5;0.010952390730381123;1997;9;10
Erika;36.0;-54.25;hurricane;1;72.5;980.5;0.3510338366031644;1997;9;11
Bonnie;22.05;-69.075;hurricane;1;73.75;982.5;0.939734876155853;1998;8;22
Bonnie;23.925;-71.375;hurricane;2;96.25;958.75;0.939734876155853;1998;8;23
Bonnie;25.425;-72.275;hurricane;3;100.0;959.5;1.9055670946836507;1998;8;24
Bonnie;24.400000000000002;-64.31666666666666;hurricane;3;90.0;970.5;1.5638193438450527;1998;8;25
Bonnie;25.425;-63.7;hurricane;3;91.875;971.125;1.131380461156369;1998;8;26
Bonnie;27.6875;-67.525;hurricane;2;86.25;980.125;1.4830300509929666;1998;8;27
Bonnie;28.599999999999998;-68.61428571428571;hurricane;1;75.0;988.1428571428571;0.5983413010835648;1998;8;28
Danielle;24.6;-68.75;hurricane;1;71.25;988.5;1.2616789489984523;1998;8;29
Danielle;26.674999999999997;-72.65;hurricane;1;65.0;988.0;2.22751116752625;1998;8;30
Danielle;28.875;-74.05;hurricane;1;80.0;978.75;2.1772146821022074;1998;8;31
Danielle;31.924999999999997;-72.175;hurricane;2;86.25;969.5;2.02632522583008;1998;9;1
Danielle;33.18333333333333;-73.68333333333334;hurricane;1;75.0;978.1666666666666;1.4656620870033923;1998;9;2
Danielle;38.25;-66.13333333333334;hurricane;1;70.83333333333333;972.0;0.5909116690357537;1998;9;3
Georges;12.3;-40.0;hurricane;1;65.0;987.0;0.723571360111237;1998;9;17
Georges;12.975;-44.75;hurricane;1;81.25;976.0;0.723571360111237;1998;9;18
Georges;14.65;-51.275;hurricane;2;105.0;959.5;0.6785485893487933;1998;9;19
Georges;16.075;-57.025;hurricane;4;127.5;942.75;0.543480277061462;1998;9;20
Georges;17.32857142857143;-63.05714285714286;hurricane;3;97.85714285714286;966.4285714285714;0.543480277061462;1998;9;21
Georges;17.383333333333333;-60.96666666666667;hurricane;2;92.5;970.8333333333334;0.5734954575697578;1998;9;22
Georges;18.380000000000003;-52.029999999999994;hurricane;1;70.5;985.1;0.5736607134342193;1998;9;23
Georges;23.058333333333334;-50.68333333333334;hurricane;1;75.41666666666667;982.0833333333334;0.0073584914207456276;1998;9;24
Georges;26.426666666666666;-55.15333333333333;hurricane;1;80.0;980.8666666666667;-0.057603911558787226;1998;9;25
Georges;29.425;-52.4375;hurricane;2;78.75;977.9375;-0.19699690490961078;1998;9;26
Georges;29.833333333333332;-57.55833333333334;hurricane;2;82.91666666666667;974.0;0.0026968618233999173;1998;9;27
Georges;30.666666666666668;-67.0888888888889;hurricane;2;80.55555555555556;973.4444444444445;-0.502403716246287;1998;9;28
Jeanne;35.666666666666664;-36.233333333333334;hurricane;1;73.33333333333333;980.6666666666666;-0.783009171485901;1998;9;29
Lisa;44.35;-39.0;hurricane;1;65.0;996.0;-0.3276362866163253;1998;10;9
Mitch;14.466666666666667;-77.93333333333334;hurricane;1;76.66666666666667;985.0;0.8265087604522704;1998;10;24
Mitch;16.025;-79.3;hurricane;3;111.25;946.75;0.563386678695679;1998;10;25
Mitch;16.575;-82.125;hurricane;4;141.25;916.0;0.563386678695679;1998;10;26
Mitch;17.125;-84.65;hurricane;5;150.0;919.25;0.563386678695679;1998;10;27
Mitch;16.375;-85.625;hurricane;5;120.0;944.5;0.563386678695679;1998;10;28
Mitch;16.066666666666666;-85.76666666666667;hurricane;2;76.66666666666667;978.6666666666666;0.563386678695679;1998;10;29
Nicole;33.45;-41.025;hurricane;1;66.25;988.75;-1.19034647941589;1998;11;30
Nicole;36.05;-36.7;hurricane;1;72.5;979.5;-0.377501368522644;1998;12;1
Bret;22.825;-94.775;hurricane;1;77.5;979.25;1.13048660755157;1999;8;21
Bret;20.87142857142857;-68.6;hurricane;4;97.85714285714286;965.0;0.6208020618983651;1999;8;22
Bret;26.95;-97.65;hurricane;3;90.0;957.0;1.84744811058044;1999;8;23
Cindy;23.785714285714285;-60.17142857142857;hurricane;1;66.42857142857143;989.2857142857143;1.2329096794128371;1999;8;26
Cindy;26.4;-64.975;hurricane;1;75.0;981.5;1.7578279227018312;1999;8;27
Cindy;28.1;-68.32222222222222;hurricane;3;94.44444444444444;963.3333333333334;1.8060167895422998;1999;8;28
Cindy;31.0875;-68.1;hurricane;4;98.75;961.875;1.730922520160671;1999;8;29
Cindy;34.125;-65.9875;hurricane;2;86.25;969.125;1.4121718555688831;1999;8;30
Cindy;35.46;-69.03999999999999;hurricane;1;75.0;979.8;0.8647341728210444;1999;8;31
Floyd;19.75;-59.2;hurricane;1;70.0;982.0;0.6527511626481985;1999;9;10
Floyd;21.65;-61.625;hurricane;1;90.0;965.5;1.13048660755157;1999;9;11
Floyd;22.925;-65.725;hurricane;2;100.0;955.5;1.13048660755157;1999;9;12
Floyd;21.166666666666668;-60.5;hurricane;4;109.16666666666667;943.3333333333334;0.8119963109493223;1999;9;13
Floyd;21.555555555555557;-61.75555555555555;hurricane;4;98.88888888888889;946.8888888888889;0.9448200464248632;1999;9;14
Floyd;23.125;-63.4875;hurricane;4;108.75;941.75;0.9879267960786797;1999;9;15
Floyd;25.9875;-65.0;hurricane;2;105.625;946.625;1.4583433791995037;1999;9;16
Gert;19.674999999999997;-55.3;hurricane;4;120.0;945.25;0.17445379123091706;1999;9;17
Gert;21.875;-57.275;hurricane;3;106.25;952.5;0.929364860057831;1999;9;18
Gert;24.425;-59.0;hurricane;3;113.75;946.25;1.3549738079309457;1999;9;19
Gert;27.225;-61.8;hurricane;4;107.5;947.75;2.63180065155029;1999;9;20
Gert;30.825000000000003;-62.6;hurricane;2;87.5;953.75;3.3767116069793675;1999;9;21
Gert;37.225;-59.725;hurricane;1;71.25;961.5;1.6288471370935425;1999;9;22
Irene;24.64;-81.6;hurricane;1;66.0;987.0;1.6103391766548145;1999;10;15
Irene;27.375;-80.2;hurricane;1;65.0;984.25;2.63180065155029;1999;10;16
Irene;30.75;-79.575;hurricane;1;66.25;982.75;-0.5257392376661303;1999;10;17
Irene;35.879999999999995;-73.2;hurricane;1;88.0;965.2;-0.36850448846816997;1999;10;18
Irene;28.2;-59.95;hurricane;1;72.5;980.0;-0.09186109900474548;1999;10;19
Jose;16.619999999999997;-60.9;hurricane;1;79.0;982.2;0.674620389938355;1999;10;20
Jose;17.85;-63.25;hurricane;1;70.0;991.0;0.674620389938355;1999;10;21
Jose;30.950000000000003;-60.45;hurricane;1;65.0;987.0;-0.4011133015155795;1999;10;24
Lenny;15.35;-76.875;hurricane;1;76.25;979.75;0.6381341516971593;1999;11;15
Lenny;15.2;-71.225;hurricane;1;80.0;973.5;-0.260220766067505;1999;11;16
Lenny;16.625;-66.1;hurricane;3;113.75;947.5;-0.260220766067505;1999;11;17
Lenny;17.825;-63.75;hurricane;4;121.25;950.75;-0.260220766067505;1999;11;18
Lenny;18.0;-62.93333333333334;hurricane;2;76.66666666666667;980.0;-0.260220766067505;1999;11;19
Alberto;14.75;-34.9;hurricane;1;68.75;984.0;-0.3792130127549167;2000;8;6
Alberto;16.1;-40.225;hurricane;1;78.75;978.0;-0.957253932952881;2000;8;7
Alberto;17.5;-45.175;hurricane;1;70.0;983.25;-0.957253932952881;2000;8;8
Alberto;26.8;-54.65;hurricane;1;65.0;986.25;-0.2899868190288545;2000;8;10
Alberto;31.625;-58.3;hurricane;1;77.5;977.5;0.13726315647363652;2000;8;11
Alberto;35.525;-55.95;hurricane;2;102.5;958.5;0.4977082908153533;2000;8;12
Alberto;38.15;-49.224999999999994;hurricane;3;90.0;969.25;0.554375648498535;2000;8;13
Alberto;39.0;-44.2;hurricane;1;65.0;987.0;0.554375648498535;2000;8;14
Alberto;34.7;-48.0;hurricane;1;65.0;987.0;0.767187535762787;2000;8;18
Alberto;35.45;-48.175000000000004;hurricane;1;82.5;974.5;0.469870947301388;2000;8;19
Alberto;36.9;-47.925;hurricane;2;87.5;971.5;0.370765417814255;2000;8;20
Alberto;28.900000000000002;-51.07142857142857;hurricane;2;77.14285714285714;988.2857142857143;0.5322728795664654;2000;8;21
Alberto;27.145454545454548;-56.01818181818182;hurricane;1;68.18181818181819;989.3636363636364;0.6869213635271246;2000;8;22
Alberto;29.0;-58.1;hurricane;1;65.0;992.3333333333334;0.828229387601216;2000;8;23
Florence;30.1;-72.6;hurricane;1;65.0;998.0;0.767187535762787;2000;9;11
Florence;30.35;-73.0;hurricane;1;65.0;989.5;0.767187535762787;2000;9;12
Florence;30.75;-73.85;hurricane;1;65.0;986.0;0.767187535762787;2000;9;13
Florence;33.45;-64.9;hurricane;1;66.25;988.5;-0.8443175926804545;2000;9;16
Gordon;26.6;-84.6;hurricane;1;66.25;984.5;-1.21196722984314;2000;9;17
Isaac;14.45;-33.7;hurricane;1;77.5;978.5;-0.116811707615852;2000;9;23
Isaac;15.325;-36.349999999999994;hurricane;3;101.25;960.0;0.0040873549878598005;2000;9;24
Isaac;16.95;-39.925;hurricane;2;92.5;967.5;0.0443870425224304;2000;9;25
Isaac;18.475;-43.45;hurricane;2;81.25;975.75;0.0443870425224304;2000;9;26
Isaac;17.966666666666665;-44.916666666666664;hurricane;1;80.83333333333333;974.6666666666666;-0.23272663354873657;2000;9;27
Isaac;18.225;-47.7875;hurricane;3;93.125;963.75;-0.4619912803173065;2000;9;28
Isaac;21.985714285714288;-52.142857142857146;hurricane;4;90.0;965.5714285714286;-0.6784846591097969;2000;9;29
Isaac;30.2;-63.98333333333333;hurricane;2;75.0;978.0;-0.35715748369693756;2000;9;30
Isaac;21.53333333333333;-80.73333333333333;hurricane;1;105.0;952.6666666666666;-0.032133435209592165;2000;10;1
Keith;17.740000000000002;-87.88;hurricane;3;76.0;977.6;0.0443870425224304;2000;10;2
Keith;21.866666666666664;-97.0;hurricane;1;73.33333333333333;983.3333333333334;-0.402374476194382;2000;10;5
Michael;30.1;-70.9;hurricane;1;65.0;988.0;1.13462138175964;2000;10;17
Michael;31.325;-70.4;hurricane;1;66.25;984.25;1.13462138175964;2000;10;18
Michael;38.575;-63.35;hurricane;1;75.0;978.25;0.23211178928613552;2000;10;19
Erin;31.05;-61.675;hurricane;1;91.25;979.0;1.7161180973052974;2001;9;9
Erin;34.525;-64.375;hurricane;3;100.0;969.25;1.083045259118079;2001;9;10
Erin;37.125;-65.575;hurricane;1;80.0;975.25;-0.269847333431244;2001;9;11
Erin;37.95;-63.05;hurricane;1;76.25;978.25;-0.269847333431244;2001;9;12
Erin;32.0625;-54.6375;hurricane;1;75.625;978.625;0.828240364789963;2001;9;13
Erin;36.1375;-51.6125;hurricane;1;81.25;975.0;0.4974377751350405;2001;9;14
Felix;31.625;-40.325;hurricane;2;88.75;971.25;1.53400945663452;2001;9;15
Felix;33.1;-34.125;hurricane;2;77.5;976.75;5.00403308868408;2001;9;16
Felix;34.85;-55.699999999999996;hurricane;1;67.5;985.3333333333334;2.81434154510498;2001;9;17
Humberto;31.45;-67.45;hurricane;1;72.5;988.0;5.00403308868408;2001;9;23
Humberto;34.375;-66.4;hurricane;2;75.0;988.25;3.361764430999755;2001;9;24
Humberto;38.05;-62.925;hurricane;1;65.0;991.5;1.71949577331543;2001;9;25
Humberto;40.7;-59.425;hurricane;1;77.5;979.25;2.0390616655349696;2001;9;26
Humberto;42.3;-52.95;hurricane;1;67.5;989.0;2.14558362960815;2001;9;27
Iris;16.9;-72.2;hurricane;1;65.0;992.0;-0.131089836359024;2001;10;6
Iris;17.125;-76.3;hurricane;1;75.0;990.5;-0.131089836359024;2001;10;7
Iris;17.1;-83.225;hurricane;1;101.25;962.75;-0.131089836359024;2001;10;8
Iris;16.4;-88.2;hurricane;4;125.0;948.0;-0.131089836359024;2001;10;9
Karen;37.3;-64.6;hurricane;1;65.0;985.0;1.71949577331543;2001;10;13
Karen;38.25;-63.85;hurricane;1;67.5;983.5;1.71949577331543;2001;10;14
Michelle;17.9;-84.0;hurricane;1;75.0;974.0;0.353253960609436;2001;11;2
Michelle;18.98;-84.12;hurricane;2;106.0;940.6;0.353253960609436;2001;11;3
Michelle;20.84;-82.5;hurricane;4;118.0;945.6;0.7184442758560184;2001;11;4
Michelle;28.616666666666664;-69.25;hurricane;3;78.33333333333333;975.1666666666666;0.5840630680322648;2001;11;5
Olga;30.85;-55.95;hurricane;1;65.0;978.0;0.0163937658071517;2001;11;26
Olga;32.05;-56.6;hurricane;1;77.5;974.25;0.0163937658071517;2001;11;27
Olga;32.175;-56.175;hurricane;1;73.75;976.5;0.0163937658071517;2001;11;28
Olga;30.3;-57.6;hurricane;1;65.0;987.0;0.0163937658071517;2001;11;29
Gustav;39.15;-68.8;hurricane;1;77.5;967.5;-0.508858770132065;2002;9;11
Gustav;45.62;-60.44;hurricane;1;76.0;961.0;-0.5225316286087038;2002;9;12
Isidore;20.4;-81.7;hurricane;1;65.0;983.0;-0.0110764801502227;2002;9;19
Isidore;21.419999999999998;-83.38;hurricane;1;80.0;968.2;-0.0110764801502227;2002;9;20
Isidore;22.075;-85.32499999999999;hurricane;1;92.5;957.25;-0.0110764801502227;2002;9;21
Isidore;21.78;-88.06;hurricane;3;110.0;937.6;-0.0110764801502227;2002;9;22
Isidore;20.8;-89.5;hurricane;3;85.0;951.0;-0.0110764801502227;2002;9;23
Kyle;29.0;-55.3;hurricane;1;65.0;987.0;1.08109629154205;2002;9;25
Kyle;28.125;-57.85;hurricane;1;71.25;983.5;1.08109629154205;2002;9;26
Kyle;27.1;-60.175;hurricane;1;73.75;982.0;1.08109629154205;2002;9;27
Kyle;26.4;-61.849999999999994;hurricane;1;67.5;985.5;1.08109629154205;2002;9;28
Lili;19.766666666666666;-79.89999999999999;hurricane;1;65.0;985.3333333333334;-0.2519995470841722;2002;9;30
Lili;21.483333333333334;-82.98333333333333;hurricane;1;84.16666666666667;972.0;-0.0110764801502227;2002;10;1
Lili;24.46;-88.12;hurricane;2;109.0;952.0;0.42579262852668637;2002;10;2
Lili;28.375;-91.5;hurricane;4;97.5;955.5;1.08109629154205;2002;10;3
Claudette;17.5;-82.8;hurricane;1;70.0;988.0;0.040082037448883;2003;7;10
Claudette;28.275;-95.8;hurricane;1;72.5;983.0;1.54741048812866;2003;7;15
Danny;39.2;-53.4;hurricane;1;65.0;1002.0;2.63714480400085;2003;7;18
Danny;41.1;-49.833333333333336;hurricane;1;65.0;1000.6666666666666;3.53817939758301;2003;7;19
Erika;25.25;-97.5;hurricane;1;65.0;987.0;-0.0420863330364227;2003;8;16
Fabian;16.825;-47.425;hurricane;1;80.0;976.0;0.517147839069366;2003;8;30
Fabian;17.9;-51.925;hurricane;3;111.25;951.0;0.517147839069366;2003;8;31
Fabian;18.625;-55.8;hurricane;4;121.25;946.75;0.517147839069366;2003;9;1
Fabian;19.875;-59.525;hurricane;4;121.25;944.75;0.662115842103958;2003;9;2
Fabian;21.65;-62.05;hurricane;4;111.25;944.75;0.80708384513855;2003;9;3
Fabian;24.4;-63.599999999999994;hurricane;4;108.75;942.0;0.8029615730047228;2003;9;4
Fabian;29.400000000000002;-65.07499999999999;hurricane;4;107.5;946.75;0.723802626132965;2003;9;5
Fabian;35.3;-62.875;hurricane;3;100.0;956.0;0.7387772798538205;2003;9;6
Fabian;31.583333333333332;-48.96666666666667;hurricane;2;77.5;972.8333333333334;0.5586474786202111;2003;9;7
Fabian;29.47142857142857;-42.728571428571435;hurricane;1;85.71428571428571;968.2857142857143;0.5728270496640883;2003;9;8
Isabel;19.125;-45.725;hurricane;4;115.0;948.0;0.5896318405866621;2003;9;9
Isabel;20.9;-49.875;hurricane;3;113.75;948.5;0.80708384513855;2003;9;10
Isabel;21.35;-53.575;hurricane;4;132.5;927.5;0.80708384513855;2003;9;11
Isabel;21.65;-56.975;hurricane;5;140.0;920.0;0.80708384513855;2003;9;12
Isabel;22.075;-60.575;hurricane;4;135.0;931.75;0.80708384513855;2003;9;13
Isabel;23.375;-65.175;hurricane;4;136.25;935.5;0.80708384513855;2003;9;14
Isabel;24.725;-68.975;hurricane;4;122.5;943.0;0.8029615730047228;2003;9;15
Isabel;26.55;-70.7;hurricane;3;98.75;956.25;3.61761999130249;2003;9;16
Isabel;29.325;-72.225;hurricane;2;92.5;956.5;3.39241623878479;2003;9;17
Isabel;33.54;-75.12;hurricane;2;89.0;956.0;2.3360598087310795;2003;9;18
Isabel;36.7;-77.7;hurricane;1;65.0;969.0;0.813079118728638;2003;9;19
Juan;32.15;-62.0;hurricane;1;67.5;987.0;2.71680498123169;2003;9;26
Juan;34.6;-62.55;hurricane;1;78.75;978.25;1.764942049980164;2003;9;27
Juan;38.025;-63.949999999999996;hurricane;2;90.0;970.0;0.5692362785339358;2003;9;28
Juan;40.6;-57.074999999999996;hurricane;2;75.0;978.5;0.37576195597648687;2003;9;29
Kate;30.0;-35.4;hurricane;1;65.0;987.0;2.71680498123169;2003;9;30
Kate;31.7;-40.9;hurricane;1;65.0;987.0;2.71680498123169;2003;10;1
Kate;30.35;-43.35;hurricane;1;73.75;980.25;2.9420087337493896;2003;10;2
Kate;29.5;-47.4;hurricane;1;90.0;969.5;3.61761999130249;2003;10;3
Kate;30.075;-52.175;hurricane;3;103.75;958.0;2.9420087337493896;2003;10;4
Kate;30.7;-55.675;hurricane;3;92.5;969.5;2.71680498123169;2003;10;5
Kate;34.475;-55.7;hurricane;1;76.25;979.0;1.764942049980164;2003;10;6
Kate;38.6;-54.0;hurricane;1;65.0;987.0;0.813079118728638;2003;10;7
Alex;34.166666666666664;-76.33333333333333;hurricane;1;80.0;976.3333333333334;1.403287847836814;2004;8;3
Alex;36.974999999999994;-71.075;hurricane;1;85.0;971.25;0.907287001609802;2004;8;4
Alex;40.375;-60.925;hurricane;3;100.0;961.5;0.7890974879264829;2004;8;5
Alex;45.3;-46.75;hurricane;1;70.0;981.0;0.7204677760601045;2004;8;6
Charley;16.7;-76.8;hurricane;1;65.0;993.0;0.404005527496338;2004;8;11
Charley;18.825;-79.925;hurricane;1;77.5;986.0;0.482071489095688;2004;8;12
Charley;24.485714285714288;-82.42857142857143;hurricane;2;110.71428571428571;958.1428571428571;0.8895377772194989;2004;8;13
Charley;31.46;-80.03999999999999;hurricane;1;70.0;988.0;1.545143079757692;2004;8;14
Danielle;14.45;-31.425;hurricane;1;76.25;980.25;0.6739750951528553;2004;8;15
Danielle;17.375;-36.55;hurricane;2;91.25;968.5;0.404005527496338;2004;8;16
Danielle;22.475;-39.7;hurricane;2;90.0;969.75;0.556906223297119;2004;8;17
Danielle;26.6;-40.45;hurricane;1;70.0;983.0;-0.504829168319702;2004;8;18
Frances;13.3;-45.8;hurricane;1;65.0;987.0;0.75629460811615;2004;8;26
Frances;14.5;-48.099999999999994;hurricane;1;83.75;974.0;0.6912674978375435;2004;8;27
Frances;16.85;-51.2;hurricane;3;105.0;957.5;0.496186167001724;2004;8;28
Frances;23.28333333333333;-62.5;hurricane;4;97.5;960.5;0.32571420073509205;2004;8;29
Frances;19.125;-57.5;hurricane;3;103.75;954.0;0.496186167001724;2004;8;30
Frances;19.925;-62.825;hurricane;3;117.5;946.75;0.5265461951494215;2004;8;31
Frances;21.18;-68.38;hurricane;4;120.0;938.6;0.556906223297119;2004;9;1
Frances;23.116666666666664;-73.16666666666667;hurricane;4;119.16666666666667;941.1666666666666;0.556906223297119;2004;9;2
Frances;24.933333333333334;-75.96666666666665;hurricane;3;97.5;955.0;0.026038527488708496;2004;9;3
Frances;26.52;-78.24;hurricane;2;88.0;961.0;-0.504829168319702;2004;9;4
Frances;19.75714285714286;-65.11428571428571;hurricane;2;87.85714285714286;966.5714285714286;0.02503280980246425;2004;9;5
Ivan;10.925;-51.475;hurricane;4;106.25;955.5;0.75629460811615;2004;9;6
Ivan;11.559999999999999;-59.239999999999995;hurricane;2;100.0;960.0;0.75629460811615;2004;9;7
Ivan;12.475;-64.8;hurricane;4;118.75;950.25;0.75629460811615;2004;9;8
Ivan;13.975;-70.125;hurricane;4;135.0;925.75;0.75629460811615;2004;9;9
Ivan;15.975;-74.275;hurricane;4;125.0;931.75;0.496186167001724;2004;9;10
Ivan;17.56;-77.74;hurricane;4;133.0;923.6;0.4961861670017241;2004;9;11
Ivan;18.68;-80.96000000000001;hurricane;5;135.0;916.8;0.4961861670017241;2004;9;12
Ivan;20.38;-83.97999999999999;hurricane;5;140.0;914.6;0.532618200778961;2004;9;13
Ivan;22.48;-85.67999999999999;hurricane;5;133.0;923.0;0.556906223297119;2004;9;14
Ivan;26.225;-87.625;hurricane;4;117.5;934.75;-0.23939532041549677;2004;9;15
Ivan;25.214285714285715;-79.64285714285714;hurricane;3;85.0;963.1428571428571;2.1554177403450026;2004;9;16
Karl;14.75;-38.375;hurricane;1;85.0;973.5;0.8727471232414246;2004;9;18
Karl;16.225;-42.05;hurricane;2;102.5;957.75;0.828288376331329;2004;9;19
Jeanne;19.32;-50.720000000000006;hurricane;1;104.0;957.0;1.2895985126495353;2004;9;20
Jeanne;23.925;-58.7625;hurricane;1;96.25;958.75;2.149730458855627;2004;9;21
Jeanne;26.125;-58.9125;hurricane;1;88.75;966.125;2.7263681292533852;2004;9;22
Jeanne;28.65;-57.4125;hurricane;2;90.625;961.0;3.1428019106388088;2004;9;23
Jeanne;33.6375;-56.375;hurricane;1;75.0;963.875;2.2494514584541303;2004;9;24
Jeanne;26.619999999999997;-76.46000000000001;hurricane;2;96.0;957.8;3.13483905792236;2004;9;25
Jeanne;27.325;-80.45;hurricane;3;95.0;954.75;3.13483905792236;2004;9;26
Lisa;40.95;-40.35;hurricane;1;65.0;987.0;1.37920093536377;2004;10;2
Cindy;28.85;-90.19999999999999;hurricane;1;65.0;991.5;1.76796388626099;2005;7;6
Dennis;17.25;-74.525;hurricane;1;85.0;969.5;0.287662655115127;2005;7;7
Dennis;20.766666666666666;-78.98333333333333;hurricane;4;120.0;946.6666666666666;0.6299186249574024;2005;7;8
Dennis;23.9;-82.925;hurricane;3;86.25;965.5;1.0427759289741525;2005;7;9
Dennis;28.419999999999998;-86.22;hurricane;3;114.0;939.0;1.993055438995364;2005;7;10
Emily;12.16;-62.32000000000001;hurricane;1;81.0;986.0;0.461708068847656;2005;7;14
Emily;13.9;-69.25;hurricane;3;108.75;961.0;0.461708068847656;2005;7;15
Emily;15.65;-75.725;hurricane;3;123.75;948.0;0.33117400854825924;2005;7;16
Emily;18.0;-81.95;hurricane;5;132.5;940.75;0.496477901935577;2005;7;17
Emily;20.68;-87.94;hurricane;4;96.0;964.0;0.8150336861610409;2005;7;18
Emily;23.4;-93.35;hurricane;1;80.0;974.25;0.894672632217407;2005;7;19
Emily;24.599999999999998;-96.86666666666667;hurricane;3;110.0;945.3333333333334;0.8946726322174069;2005;7;20
Irene;35.85;-68.1;hurricane;1;75.0;984.75;0.136901393532753;2005;8;15
Irene;36.575;-63.525;hurricane;1;83.75;975.75;-0.144414484500885;2005;8;16
Irene;36.875;-59.575;hurricane;1;71.25;983.75;-0.135715365409851;2005;8;17
Katrina;26.0;-80.1;hurricane;1;70.0;984.0;0.615354895591736;2005;8;25
Katrina;25.325;-81.55;hurricane;1;73.75;979.25;0.5747373253107072;2005;8;26
Katrina;24.475;-84.325;hurricane;2;96.25;949.75;0.452884614467621;2005;8;27
Katrina;25.5;-87.225;hurricane;3;130.0;920.5;0.5747373253107072;2005;8;28
Katrina;29.25;-89.53333333333332;hurricane;5;111.66666666666667;922.8333333333334;0.31955267985661834;2005;8;29
Maria;28.566666666666666;-55.53333333333333;hurricane;1;68.33333333333333;984.6666666666666;0.615354895591736;2005;9;4
Maria;31.175;-56.7;hurricane;1;82.5;975.5;-0.272051751613617;2005;9;5
Maria;33.25;-56.125;hurricane;3;86.25;971.75;-0.272051751613617;2005;9;6
Maria;33.25;-57.11666666666667;hurricane;1;70.0;983.6666666666666;0.06919592618942266;2005;9;7
Maria;34.3;-56.4125;hurricane;1;70.625;983.375;-0.09295772761106488;2005;9;8
Nate;31.68;-66.76;hurricane;1;69.0;984.6;0.0829109072685242;2005;9;9
Ophelia;31.6;-76.4;hurricane;1;67.5;976.5;-0.272051751613617;2005;9;10
Ophelia;31.625;-75.85000000000001;hurricane;1;70.0;977.75;-0.272051751613617;2005;9;11
Ophelia;33.2;-77.825;hurricane;1;71.25;981.0;-0.272051751613617;2005;9;14
Ophelia;34.525000000000006;-76.15;hurricane;1;68.75;982.75;-0.272051751613617;2005;9;15
Philippe;16.9;-56.075;hurricane;1;65.0;987.0;0.466581970453262;2005;9;19
Philippe;20.799999999999997;-68.82499999999999;hurricane;1;72.5;983.0;0.9784515053033811;2005;9;20
Rita;24.2;-84.525;hurricane;2;117.5;945.75;1.4903210401535;2005;9;21
Rita;24.96;-87.84;hurricane;5;145.0;902.0;1.940318036079404;2005;9;22
Rita;26.85;-91.1;hurricane;4;115.0;924.0;2.61531352996826;2005;9;23
Rita;29.55;-93.6;hurricane;3;92.5;938.0;2.5086409449577323;2005;9;24
Stan;18.9;-94.5;hurricane;1;67.5;982.0;0.466581970453262;2005;10;4
Vince;34.1;-18.9;hurricane;1;65.0;988.0;2.18862318992615;2005;10;9
Wilma;16.4;-80.69999999999999;hurricane;1;70.0;977.0;1.10926520824432;2005;10;18
Wilma;17.075;-82.55;hurricane;4;145.0;903.0;1.10926520824432;2005;10;19
Wilma;18.225;-84.85;hurricane;4;131.25;905.0;1.10926520824432;2005;10;20
Wilma;19.92;-86.36;hurricane;4;127.0;927.2;1.621138906478878;2005;10;21
Wilma;20.9;-86.97999999999999;hurricane;4;106.0;940.6;1.96238803863525;2005;10;22
Wilma;22.225;-86.325;hurricane;2;86.25;961.5;1.96238803863525;2005;10;23
Wilma;25.82;-81.78;hurricane;2;102.0;953.2;1.886509513854978;2005;10;24
Wilma;35.175;-69.85;hurricane;3;93.75;966.0;0.5231209695339203;2005;10;25
Beta;13.666666666666666;-81.7;hurricane;1;73.33333333333333;982.3333333333334;0.9347103834152218;2005;10;29
Beta;13.266666666666666;-83.06666666666666;hurricane;2;93.33333333333333;967.3333333333334;0.9347103834152218;2005;10;30
Epsilon;33.9;-47.9;hurricane;1;65.0;987.0;-0.939468264579773;2005;12;2
Epsilon;34.45;-45.5;hurricane;1;65.0;987.0;-0.939468264579773;2005;12;3
Epsilon;34.324999999999996;-40.5;hurricane;1;67.5;985.75;-0.939468264579773;2005;12;4
Epsilon;33.925;-36.15;hurricane;1;72.5;983.0;-0.939468264579773;2005;12;5
Epsilon;32.6;-33.85;hurricane;1;65.0;986.5;-0.939468264579773;2005;12;6
Epsilon;30.099999999999998;-36.0;hurricane;1;65.0;987.0;-0.39157768090566;2005;12;7
Ernesto;16.9;-72.7;hurricane;1;65.0;992.0;0.0855753496289253;2006;8;27
Florence;28.166666666666668;-65.76666666666667;hurricane;1;75.0;978.0;-0.35805526375770597;2006;9;10
Florence;31.924999999999997;-65.775;hurricane;1;75.0;975.0;-1.15886425971985;2006;9;11
Florence;36.775;-62.35;hurricane;1;66.25;976.0;-0.05842658877372775;2006;9;12
Gordon;25.2;-57.925;hurricane;1;77.5;979.0;-0.13060516119003315;2006;9;13
Gordon;28.6;-56.45;hurricane;3;105.0;956.25;-0.358055263757706;2006;9;14
Gordon;30.825000000000003;-53.85;hurricane;3;90.0;968.5;-1.15886425971985;2006;9;15
Gordon;27.066666666666666;-51.050000000000004;hurricane;1;67.5;985.0;2.37757690747579;2006;9;16
Gordon;26.5125;-50.7375;hurricane;1;73.125;981.0;2.127062022686005;2006;9;17
Gordon;29.4;-49.5375;hurricane;1;90.0;968.125;1.45744776725769;2006;9;18
Gordon;31.125;-45.3375;hurricane;2;88.125;966.75;1.45744776725769;2006;9;19
Gordon;31.5375;-39.925;hurricane;1;77.5;970.125;1.6414164900779724;2006;9;20
Helene;28.45;-57.0;hurricane;1;76.25;966.0;2.33741217851639;2006;9;21
Helene;33.1;-55.325;hurricane;1;71.25;969.5;3.01547193527222;2006;9;22
Helene;36.725;-48.55;hurricane;1;77.5;962.75;1.53937816619873;2006;9;23
Helene;39.56666666666667;-40.76666666666667;hurricane;1;66.66666666666667;964.0;1.6811368068059267;2006;9;24
Isaac;30.950000000000003;-58.85;hurricane;1;67.5;990.5;3.01547193527222;2006;9;30
Isaac;33.45;-60.15;hurricane;1;72.5;986.25;2.6464484930038474;2006;10;1
Isaac;38.5;-58.8;hurricane;1;65.0;988.5;1.53937816619873;2006;10;2
Dean;13.5;-53.36666666666667;hurricane;1;76.66666666666667;976.0;0.154440447688103;2007;8;16
Dean;14.35;-60.675;hurricane;1;90.0;969.75;0.504042446613312;2007;8;17
Dean;15.3;-67.3;hurricane;4;136.25;931.5;0.265680465847254;2007;8;18
Dean;16.6;-73.475;hurricane;4;122.5;923.5;0.186226472258568;2007;8;19
Dean;17.725;-80.6;hurricane;4;130.0;925.5;0.186226472258568;2007;8;20
Dean;18.72;-87.78;hurricane;5;126.0;924.2;0.186226472258568;2007;8;21
Dean;20.259999999999998;-95.2;hurricane;1;75.0;976.4;0.8314024180173872;2007;8;22
Felix;12.925;-68.6;hurricane;1;88.75;979.75;0.504042446613312;2007;9;2
Felix;14.059999999999999;-75.78;hurricane;5;141.0;936.4;0.504042446613312;2007;9;3
Felix;14.325000000000001;-82.47500000000001;hurricane;4;118.75;946.25;0.504042446613312;2007;9;4
Humberto;29.8;-94.10000000000001;hurricane;1;75.0;986.3333333333334;1.9513562917709333;2007;9;13
Karen;12.0;-42.849999999999994;hurricane;1;65.0;989.0;1.16890132427216;2007;9;26
Lorenzo;20.5;-96.8;hurricane;1;66.66666666666667;992.0;1.06736350059509;2007;9;28
Noel;28.275;-74.95;hurricane;1;70.0;980.75;0.22921369969844801;2007;11;2
Bertha;19.675;-50.9;hurricane;1;88.75;968.5;0.7266390770673763;2008;7;7
Bertha;21.475;-53.25;hurricane;3;93.75;965.0;1.02552974224091;2008;7;8
Bertha;23.55;-56.525;hurricane;1;71.25;983.25;1.02552974224091;2008;7;9
Bertha;26.025;-59.5;hurricane;2;83.75;974.25;1.46531319618225;2008;7;10
Bertha;28.075;-61.6;hurricane;1;76.25;979.0;1.46531319618225;2008;7;11
Bertha;29.6;-62.45;hurricane;1;75.0;977.75;1.46531319618225;2008;7;12
Bertha;29.85;-62.45;hurricane;1;65.0;984.5;1.46531319618225;2008;7;13
Bertha;36.9;-51.5;hurricane;1;65.0;989.0;0.851682066917419;2008;7;18
Bertha;41.2;-47.075;hurricane;1;65.0;989.0;0.5736298412084575;2008;7;19
Dolly;25.91428571428571;-96.74285714285715;hurricane;1;75.0;970.7142857142857;0.4817229935101103;2008;7;23
Dolly;26.5;-97.8;hurricane;1;65.0;976.0;0.544275224208832;2008;7;24
Gustav;17.5;-72.2;hurricane;1;75.0;986.3333333333334;0.986113250255585;2008;8;26
Gustav;18.8;-79.2;hurricane;1;65.0;984.0;0.986113250255585;2008;8;29
Gustav;20.72;-81.6;hurricane;1;106.0;956.4;1.132885837554932;2008;8;30
Gustav;24.25;-85.025;hurricane;4;105.0;957.75;1.3157461881637575;2008;8;31
Gustav;27.483333333333334;-86.91666666666667;hurricane;2;88.33333333333333;959.8333333333334;1.5141074260075884;2008;9;1
Hanna;21.6;-72.5;hurricane;1;70.0;978.5;1.23073422908783;2008;9;2
Ike;21.1;-51.9;hurricane;1;75.0;979.0;1.23073422908783;2008;9;3
Ike;22.65;-55.65;hurricane;3;116.25;942.0;1.23073422908783;2008;9;4
Ike;23.475;-61.175;hurricane;4;108.75;951.5;1.23073422908783;2008;9;5
Ike;22.15;-66.975;hurricane;3;102.5;960.25;1.23073422908783;2008;9;6
Ike;21.06;-72.38;hurricane;4;111.0;946.8;1.23073422908783;2008;9;7
Ike;21.12;-76.86;hurricane;4;98.0;952.8;1.23073422908783;2008;9;8
Ike;22.240000000000002;-82.06;hurricane;1;69.0;965.2;1.23073422908783;2008;9;9
Ike;23.625;-84.9;hurricane;1;75.0;962.25;1.23073422908783;2008;9;10
Ike;25.275;-87.6;hurricane;2;85.0;946.75;1.4857701063156126;2008;9;11
Ike;26.725;-91.625;hurricane;2;91.25;954.0;1.57078206539154;2008;9;12
Ike;29.25;-94.625;hurricane;2;92.5;953.0;1.4870306551456451;2008;9;13
Kyle;32.25;-69.6;hurricane;1;67.5;995.5;0.074338786303997;2008;9;27
Kyle;38.425;-68.475;hurricane;1;71.25;990.0;0.296809057705104;2008;9;28
Kyle;43.8;-66.2;hurricane;1;65.0;985.0;0.0573854558169841;2008;9;29
Omar;14.75;-67.55;hurricane;1;72.5;982.25;0.5579621940851213;2008;10;15
Omar;18.9;-62.9;hurricane;2;92.5;972.0;0.5725564807653427;2008;10;16
Omar;26.475;-56.5;hurricane;1;68.75;984.25;-1.1107875443994981;2008;10;17
Paloma;17.7;-81.625;hurricane;1;71.25;981.5;0.843514263629913;2008;11;7
Paloma;19.6;-79.95;hurricane;3;115.0;952.5;0.6030383221805092;2008;11;8
Paloma;20.7;-78.0;hurricane;2;87.5;969.0;-0.118389502167702;2008;11;9
Bill;13.933333333333332;-44.6;hurricane;1;73.33333333333333;978.0;0.526520311832428;2009;8;17
Bill;15.5;-49.625;hurricane;2;92.5;964.25;0.7192428857088092;2009;8;18
Bill;18.025;-54.9;hurricane;3;112.5;951.25;0.783483743667603;2009;8;19
Bill;21.625;-60.3;hurricane;4;111.25;948.5;0.167079776525497;2009;8;20
Bill;26.325000000000003;-65.375;hurricane;3;102.5;951.0;-1.0188976302742931;2009;8;21
Bill;33.2;-68.425;hurricane;2;86.25;959.75;-1.0048807561397572;2009;8;22
Bill;41.25;-65.9;hurricane;1;72.5;964.5;0.9963831603527078;2009;8;23
Bill;46.3;-57.9;hurricane;1;65.0;973.0;1.03998363018036;2009;8;24
Fred;13.3;-31.625;hurricane;1;91.25;967.75;0.526520311832428;2009;9;9
Fred;15.75;-34.3;hurricane;2;87.5;971.0;0.7192428857088092;2009;9;10
Fred;17.433333333333334;-34.800000000000004;hurricane;1;73.33333333333333;980.6666666666666;0.783483743667603;2009;9;11
Ida;12.75;-83.44999999999999;hurricane;1;67.5;986.0;0.248582825064659;2009;11;5
Ida;20.6;-85.45;hurricane;1;80.0;982.25;0.16740939766168578;2009;11;8
Ida;25.95;-87.825;hurricane;2;77.5;986.75;0.39125792682170885;2009;11;9
Alex;23.580000000000002;-95.22;hurricane;1;73.0;963.4;0.50249719619751;2010;6;30
Alex;24.2;-97.8;hurricane;2;86.66666666666667;952.3333333333334;0.50249719619751;2010;7;1
Danielle;15.2;-40.9;hurricane;1;65.0;987.0;-0.389138787984848;2010;8;23
Danielle;16.05;-45.025;hurricane;1;72.5;982.5;-0.389138787984848;2010;8;24
Danielle;19.049999999999997;-50.9;hurricane;1;71.25;983.0;-0.20886783301830303;2010;8;25
Danielle;23.475;-55.0;hurricane;1;85.0;973.25;0.331945031881332;2010;8;26
Danielle;26.35;-58.75;hurricane;2;107.5;952.25;0.768919348716736;2010;8;27
Danielle;28.625;-60.625;hurricane;3;96.25;950.75;0.768919348716736;2010;8;28
Danielle;28.266666666666666;-57.6;hurricane;2;75.83333333333333;969.8333333333334;0.1274291823307673;2010;8;29
Danielle;27.514285714285712;-58.285714285714285;hurricane;1;85.71428571428571;966.5714285714286;-0.22915751593453543;2010;8;30
Earl;20.575;-66.9;hurricane;4;115.0;936.0;0.15167407691478701;2010;8;31
Earl;24.175;-71.05;hurricane;3;110.0;941.0;0.441188611090183;2010;9;1
Earl;29.4;-74.425;hurricane;4;115.0;934.25;0.595277175307274;2010;9;2
Earl;35.3;-73.67500000000001;hurricane;2;80.0;955.75;0.34979133307933796;2010;9;3
Earl;44.26666666666667;-64.46666666666667;hurricane;1;65.0;962.6666666666666;-0.2051782806714373;2010;9;4
Igor;17.675;-44.125;hurricane;1;85.0;972.5;-0.389138787984848;2010;9;12
Igor;17.625;-48.775;hurricane;4;128.75;935.0;-0.389138787984848;2010;9;13
Igor;17.400000000000002;-44.4;hurricane;4;105.0;954.3333333333334;-0.389138787984848;2010;9;14
Igor;18.4;-43.1;hurricane;4;115.625;946.75;-0.389138787984848;2010;9;15
Igor;20.844444444444445;-52.03333333333333;hurricane;4;102.77777777777777;954.2222222222222;1.041629711786906;2010;9;16
Igor;21.592857142857145;-70.75;hurricane;4;92.14285714285714;965.0714285714286;1.1134777920586723;2010;9;17
Igor;25.35;-62.85;hurricane;2;85.0;942.5;0.9401282072067261;2010;9;18
Igor;29.075;-65.325;hurricane;1;75.0;948.75;0.8367581367492675;2010;9;19
Igor;34.35;-64.425;hurricane;1;65.0;957.5;0.208890989422798;2010;9;20
Igor;42.975;-56.25;hurricane;1;67.5;956.25;-0.30659123510122327;2010;9;21
Lisa;20.0;-27.7;hurricane;1;65.0;988.0;0.964254856109619;2010;9;24
Lisa;20.85;-27.9;hurricane;1;72.5;984.0;0.964254856109619;2010;9;25
Otto;25.7;-64.05;hurricane;1;67.5;981.5;0.916001558303833;2010;10;8
Otto;29.275;-58.25;hurricane;1;71.25;980.0;0.7575147151947019;2010;10;9
Paula;17.675;-85.225;hurricane;1;73.75;988.5;1.31244170665741;2010;10;12
Paula;20.55;-85.925;hurricane;2;83.75;985.5;1.0513015687465668;2010;10;13
Paula;22.0;-85.4;hurricane;1;72.5;994.0;0.964254856109619;2010;10;14
Richard;16.766666666666666;-86.26666666666667;hurricane;1;73.33333333333333;988.6666666666666;2.01282286643982;2010;10;24
Richard;17.266666666666666;-88.56666666666666;hurricane;2;78.33333333333333;980.6666666666666;2.01282286643982;2010;10;25
Shary;23.183333333333334;-60.73333333333333;hurricane;1;70.83333333333333;990.0;0.7355094477534295;2010;10;30
Tomas;13.875;-62.95;hurricane;2;78.75;986.75;0.997227430343628;2010;10;31
Tomas;18.7;-74.63333333333334;hurricane;1;71.66666666666667;988.0;2.01282286643982;2010;11;5
Tomas;23.8;-70.3;hurricane;1;65.0;988.0;1.83862352371216;2010;11;6
Tomas;25.15;-69.69999999999999;hurricane;1;67.5;988.5;1.2301753759384164;2010;11;7
Irene;18.8;-66.96666666666667;hurricane;1;70.0;989.0;0.0686363875865936;2011;8;22
Irene;20.225;-70.075;hurricane;1;80.0;978.5;0.6419694051146504;2011;8;23
Irene;21.86;-73.2;hurricane;1;96.0;960.0;0.8330804109573361;2011;8;24
Irene;24.84;-76.2;hurricane;2;92.0;950.4;1.4086372137069696;2011;8;25
Irene;29.4;-77.375;hurricane;2;86.25;946.25;2.432019114494325;2011;8;26
Irene;33.925;-76.69999999999999;hurricane;1;72.5;951.5;2.2811743319034603;2011;8;27
Irene;37.400000000000006;-75.35;hurricane;1;65.0;954.5;1.34849989414215;2011;8;28
Katia;15.225;-46.025;hurricane;1;65.0;988.0;0.2284228280186652;2011;9;1
Katia;17.1;-51.575;hurricane;1;65.0;987.5;0.0686363875865936;2011;9;2
Katia;19.125;-55.05;hurricane;1;65.0;985.5;0.0686363875865936;2011;9;3
Katia;21.375;-58.375;hurricane;1;80.0;966.75;0.833080410957336;2011;9;4
Katia;23.9;-62.05;hurricane;2;98.75;951.75;0.833080410957336;2011;9;5
Katia;26.45;-65.15;hurricane;4;108.75;950.25;2.27197241783142;2011;9;6
Katia;28.525;-68.05;hurricane;2;82.5;967.25;2.27197241783142;2011;9;7
Katia;29.68;-74.5;hurricane;1;77.0;972.2;2.087379926443103;2011;9;8
Katia;34.14;-72.32000000000001;hurricane;1;74.0;968.4;1.0925271928310387;2011;9;9
Katia;41.6;-58.3;hurricane;1;75.0;957.0;1.86449790000916;2011;9;10
Maria;33.7;-66.9;hurricane;1;65.0;987.0;2.59206581115723;2011;9;15
Maria;39.833333333333336;-61.699999999999996;hurricane;1;68.33333333333333;983.3333333333334;1.4335021177927665;2011;9;16
Ophelia;21.0;-61.9;hurricane;1;65.0;987.0;-0.106085643172264;2011;9;29
Ophelia;23.0;-62.825;hurricane;1;87.5;969.5;-0.106085643172264;2011;9;30
Ophelia;28.2;-63.125;hurricane;3;106.25;950.0;-0.5330752879381182;2011;10;1
Ophelia;36.325;-61.75;hurricane;4;106.25;949.0;1.0183341950178157;2011;10;2
Ophelia;42.8;-59.6;hurricane;1;70.0;972.0;1.61944961547852;2011;10;3
Philippe;23.75;-57.150000000000006;hurricane;1;65.0;992.0;-0.106085643172264;2011;10;4
Philippe;27.366666666666664;-60.36666666666667;hurricane;1;71.66666666666667;982.3333333333334;-0.635043859481812;2011;10;6
Philippe;29.175;-57.025;hurricane;1;77.5;977.5;-0.635043859481812;2011;10;7
Philippe;30.1;-53.5;hurricane;1;65.0;986.0;-0.227169573307037;2011;10;8
Rina;17.1;-83.0;hurricane;1;65.0;991.0;0.394386827945709;2011;10;24
Rina;17.275;-83.675;hurricane;1;90.0;975.25;0.394386827945709;2011;10;25
Rina;17.65;-85.2;hurricane;3;91.25;971.0;0.394386827945709;2011;10;26
Rina;18.450000000000003;-86.5;hurricane;1;72.5;982.5;0.394386827945709;2011;10;27
Chris;40.63333333333333;-44.1;hurricane;1;71.66666666666667;977.0;0.8547013203303034;2012;6;21
Ernesto;18.1;-85.05000000000001;hurricane;1;70.0;985.5;0.177600249648094;2012;8;7
Ernesto;18.75;-87.575;hurricane;1;81.25;975.5;0.177600249648094;2012;8;8
Gordon;34.0;-39.53333333333333;hurricane;1;76.66666666666667;978.3333333333334;1.0093560218811;2012;8;18
Gordon;34.975;-31.675;hurricane;2;88.75;970.0;0.8141246140003184;2012;8;19
Gordon;36.833333333333336;-25.566666666666666;hurricane;1;66.66666666666667;983.0;0.618893206119537;2012;8;20
Isaac;28.3;-88.55;hurricane;1;67.5;973.5;0.648291826248169;2012;8;28
Isaac;29.119999999999997;-89.96000000000001;hurricane;1;69.0;966.4;0.648291826248169;2012;8;29
Kirk;27.200000000000003;-49.7;hurricane;1;70.0;987.0;0.648291826248169;2012;8;30
Kirk;30.1;-50.675;hurricane;1;85.0;975.75;0.8288239240646345;2012;8;31
Kirk;33.85;-49.45;hurricane;1;67.5;989.0;1.0093560218811;2012;9;1
Leslie;26.35;-57.85;hurricane;1;67.5;985.25;0.648291826248169;2012;9;5
Leslie;27.9375;-52.1;hurricane;1;78.75;976.75;0.6934248507022853;2012;9;6
Leslie;29.5;-48.03333333333333;hurricane;1;80.83333333333333;974.5;0.8890012900034563;2012;9;7
Michael;32.225;-41.8;hurricane;1;83.75;975.5;1.0093560218811;2012;9;8
Michael;33.575;-42.825;hurricane;2;85.0;976.0;1.0093560218811;2012;9;9
Leslie;34.9;-50.38333333333333;hurricane;1;68.33333333333333;982.6666666666666;0.879201749960579;2012;9;10
Leslie;42.55;-57.95;hurricane;1;65.0;969.0;0.586871564388275;2012;9;11
Nadine;28.3;-53.7;hurricane;1;65.0;984.0;0.648291826248169;2012;9;14
Nadine;30.425;-51.325;hurricane;1;70.0;980.25;0.9190899729728672;2012;9;15
Nadine;30.675;-44.125;hurricane;1;66.25;983.75;2.27606225013733;2012;9;16
Nadine;29.45;-34.599999999999994;hurricane;1;65.0;988.0;2.41199660301208;2012;9;28
Nadine;32.075;-35.925;hurricane;1;66.25;987.5;2.27606225013733;2012;9;29
Nadine;36.25;-37.975;hurricane;1;77.5;980.25;1.17005658149719;2012;9;30
Nadine;36.65;-39.4;hurricane;1;70.0;984.0;1.17005658149719;2012;10;1
Rafael;22.733333333333334;-65.53333333333333;hurricane;1;70.0;982.6666666666666;1.97863268852234;2012;10;15
Rafael;26.9;-65.0;hurricane;1;78.75;971.25;2.303655624389645;2012;10;16
Rafael;34.03333333333333;-61.63333333333333;hurricane;1;70.0;971.3333333333334;1.6013647715250674;2012;10;17
Sandy;17.400000000000002;-76.73333333333333;hurricane;1;71.66666666666667;974.6666666666666;2.07128977775574;2012;10;24
Sandy;20.816666666666666;-75.81666666666666;hurricane;2;94.16666666666667;960.1666666666666;2.64510031541189;2012;10;25
Sandy;25.975;-76.60000000000001;hurricane;1;68.75;968.5;2.668197572231295;2012;10;26
Sandy;29.25;-76.05;hurricane;1;70.0;958.0;2.63764262199402;2012;10;27
Sandy;31.65;-73.4;hurricane;1;65.0;956.25;1.90978574752808;2012;10;28
Sandy;36.099999999999994;-71.425;hurricane;1;78.75;945.5;1.2158385515213022;2012;10;29
Humberto;16.85;-28.9;hurricane;1;75.0;983.0;0.621429443359375;2013;9;11
Humberto;20.5;-28.95;hurricane;1;77.5;979.5;0.49268627166748047;2013;9;12
Humberto;23.2;-29.5;hurricane;1;70.0;982.0;0.363943099975586;2013;9;13
Ingrid;21.0;-94.4;hurricane;1;65.0;986.0;0.363943099975586;2013;9;14
Ingrid;22.175;-95.35;hurricane;1;70.0;986.0;0.363943099975586;2013;9;15
Ingrid;23.0;-96.2;hurricane;1;70.0;989.0;1.31423687934875;2013;9;16
Arthur;31.425;-78.85;hurricane;1;73.75;982.5;1.19656753540039;2014;7;3
Arthur;35.833333333333336;-75.36666666666666;hurricane;2;81.66666666666667;974.5;0.8325063784917193;2014;7;4
Arthur;40.2;-69.7;hurricane;1;65.0;976.0;0.0829056203365325;2014;7;5
Bertha;27.65;-73.6;hurricane;1;70.0;998.5;1.68613576889038;2014;8;4
Bertha;30.5;-73.4;hurricane;1;65.0;1001.0;1.7395236492157;2014;8;5
Cristobal;26.375;-71.825;hurricane;1;65.0;988.25;2.78222441673279;2014;8;26
Cristobal;31.0;-71.875;hurricane;1;68.75;983.25;2.6453191041946424;2014;8;27
Cristobal;35.525;-67.6;hurricane;1;68.75;979.0;2.29596269130707;2014;8;28
Cristobal;40.150000000000006;-56.349999999999994;hurricane;1;72.5;966.0;1.830234408378605;2014;8;29
Edouard;24.75;-50.9;hurricane;1;72.5;982.5;2.053843557834625;2014;9;14
Edouard;26.75;-54.475;hurricane;1;87.5;968.25;2.78222441673279;2014;9;15
Edouard;30.075;-57.375;hurricane;2;98.75;957.25;2.353800177574155;2014;9;16
Edouard;35.025;-54.975;hurricane;2;82.5;957.25;2.5102680921554548;2014;9;17
Edouard;39.349999999999994;-45.6;hurricane;1;70.0;966.0;2.37183094024658;2014;9;18
Fay;32.36666666666667;-64.5;hurricane;1;68.33333333333333;984.0;2.64870524406433;2014;10;12
Gonzalo;17.6;-62.36;hurricane;1;70.0;987.6;0.12270846962928798;2014;10;13
Gonzalo;19.525;-64.375;hurricane;1;91.25;975.0;0.3587166890501985;2014;10;14
Gonzalo;22.775;-67.3;hurricane;4;113.75;952.75;1.06674134731293;2014;10;15
Gonzalo;25.375;-68.575;hurricane;3;118.75;945.75;1.8108566701412174;2014;10;16
Gonzalo;29.2;-66.8;hurricane;4;112.5;945.75;1.483309298753735;2014;10;17
Gonzalo;34.4;-63.42;hurricane;2;90.0;956.6;1.8282515048980699;2014;10;18
Gonzalo;44.5;-54.4;hurricane;2;78.33333333333333;967.6666666666666;2.79158862431844;2014;10;19
Danny;12.55;-44.849999999999994;hurricane;1;70.0;992.5;0.361160218715668;2015;8;20
Danny;13.7;-47.4;hurricane;2;98.75;970.0;0.361160218715668;2015;8;21
Danny;15.125;-50.95;hurricane;2;80.0;982.0;0.7704665213823317;2015;8;22
Fred;15.7;-22.9;hurricane;1;70.0;988.75;0.7704665213823317;2015;8;31
Fred;17.4;-24.9;hurricane;1;65.0;991.0;0.906901955604553;2015;9;1
Joaquin;24.899999999999995;-72.16666666666667;hurricane;1;71.66666666666667;970.0;1.9444920221964532;2015;9;30
Joaquin;23.375;-73.525;hurricane;3;110.0;944.0;1.80692481994629;2015;10;1
Joaquin;23.46666666666667;-74.64999999999999;hurricane;4;114.16666666666667;937.6666666666666;1.80692481994629;2015;10;2
Joaquin;25.2;-72.875;hurricane;4;125.0;939.0;2.013275623321535;2015;10;3
Joaquin;29.575;-67.875;hurricane;4;100.0;951.0;2.0409507751464853;2015;10;4
Joaquin;33.975;-65.325;hurricane;1;75.0;963.25;1.5784127712249745;2015;10;5
Joaquin;37.475;-61.075;hurricane;1;72.5;971.25;0.726825714111328;2015;10;6
Joaquin;39.95;-53.2;hurricane;1;67.5;975.5;0.5596966743469235;2015;10;7
Kate;35.525000000000006;-64.9;hurricane;1;68.75;983.75;0.8723656535148618;2015;11;11
Alex;30.866666666666664;-28.766666666666666;hurricane;1;71.66666666666667;982.3333333333334;3.29432233174642;2016;1;14
Alex;34.65;-27.4;hurricane;1;67.5;985.0;2.443888664245605;2016;1;15
Earl;16.9;-85.4;hurricane;1;65.0;988.0;0.119603894650936;2016;8;3
Earl;17.366666666666664;-87.66666666666667;hurricane;1;73.33333333333333;980.6666666666666;0.119603894650936;2016;8;4
Gaston;16.35;-39.650000000000006;hurricane;1;65.0;990.0;0.771619021892548;2016;8;24
Gaston;18.45;-42.05;hurricane;1;65.0;988.0;0.771619021892548;2016;8;25
Gaston;28.7;-53.6;hurricane;1;65.0;989.0;1.49946975708008;2016;8;27
Gaston;30.0;-54.6;hurricane;1;86.25;971.75;1.1791984140872964;2016;8;28
Gaston;30.8;-55.325;hurricane;3;97.5;961.5;0.858927071094513;2016;8;29
Gaston;31.875;-53.825;hurricane;2;87.5;967.75;0.858927071094513;2016;8;30
Gaston;33.5;-49.775;hurricane;3;101.25;958.75;0.858927071094513;2016;8;31
Gaston;34.92;-51.52;hurricane;2;79.0;977.4;1.393414688110352;2016;9;1
Gaston;33.22;-64.97999999999999;hurricane;1;68.0;983.8;1.1902251482009891;2016;9;2
Matthew;14.2;-66.9;hurricane;1;65.0;993.0;1.43105638027191;2016;9;29
Matthew;13.875;-69.75;hurricane;1;93.75;972.25;1.43105638027191;2016;9;30
Matthew;13.4;-72.7;hurricane;5;137.5;942.5;1.43105638027191;2016;10;1
Matthew;13.85;-74.1;hurricane;4;130.0;943.25;1.43105638027191;2016;10;2
Matthew;15.175;-74.975;hurricane;4;126.25;941.25;1.22026866674423;2016;10;3
Matthew;18.02;-74.38;hurricane;4;127.0;937.4;1.00948095321655;2016;10;4
Matthew;21.1;-74.725;hurricane;4;108.75;958.5;2.27953815460205;2016;10;5
Matthew;24.9;-74.72;hurricane;3;106.0;953.2;2.54194507598877;2016;10;6
Matthew;28.016666666666666;-75.01666666666667;hurricane;4;99.16666666666667;950.8333333333334;2.93555545806885;2016;10;7
Matthew;32.233333333333334;-80.01666666666667;hurricane;2;81.66666666666667;960.3333333333334;3.45695114135742;2016;10;8
Matthew;34.3;-76.65;hurricane;1;70.0;982.0;3.45695114135742;2016;10;9
Nicole;27.2;-66.2;hurricane;1;70.0;980.0;2.93555545806885;2016;10;11
Nicole;27.925;-66.775;hurricane;1;90.0;970.0;2.93555545806885;2016;10;12
Nicole;31.419999999999998;-65.32000000000001;hurricane;4;109.0;956.2;3.3526720046997065;2016;10;13
Nicole;35.225;-59.5;hurricane;2;73.75;972.75;2.70484459400177;2016;10;14
Nicole;38.225;-51.925;hurricane;1;72.5;965.0;1.95273804664612;2016;10;15
Nicole;39.175;-47.575;hurricane;1;70.0;962.5;1.95273804664612;2016;10;16
Nicole;40.85;-45.0;hurricane;1;65.0;965.5;1.30281519889832;2016;10;17
Otto;11.2;-81.1;hurricane;1;65.0;990.0;2.05818200111389;2016;11;23
Otto;11.059999999999999;-82.97999999999999;hurricane;1;93.0;977.2;2.05818200111389;2016;11;24
Otto;10.9;-84.9;hurricane;1;65.0;992.0;2.05818200111389;2016;11;25
Franklin;20.2;-94.4;hurricane;1;65.0;984.0;0.736580431461334;2017;8;9
Franklin;20.15;-96.05;hurricane;1;72.5;985.5;0.736580431461334;2017;8;10
Gert;32.333333333333336;-72.06666666666666;hurricane;1;68.33333333333333;982.6666666666666;1.53867793083191;2017;8;15
Gert;36.15;-67.925;hurricane;1;83.75;970.0;1.6603325605392425;2017;8;16
Gert;40.05;-58.3;hurricane;2;85.0;966.0;0.033660054206848006;2017;8;17
Harvey;24.4;-93.6;hurricane;1;70.0;978.0;1.22290098667145;2017;8;24
Harvey;26.0;-95.4;hurricane;1;92.5;957.75;1.18942642211914;2017;8;25
Harvey;28.175;-97.025;hurricane;4;100.0;951.0;1.18942642211914;2017;8;26
Irma;16.733333333333334;-33.36666666666667;hurricane;1;80.0;982.3333333333334;0.634832978248596;2017;8;31
Irma;18.15;-36.75;hurricane;3;100.0;967.0;0.634832978248596;2017;9;1
Irma;18.95;-41.875;hurricane;3;97.5;970.0;0.634832978248596;2017;9;2
Irma;18.05;-47.325;hurricane;2;97.5;970.0;0.634832978248596;2017;9;3
Irma;16.95;-52.1;hurricane;3;107.5;950.0;0.634832978248596;2017;9;4
Irma;16.7;-57.125;hurricane;4;141.25;932.75;0.634832978248596;2017;9;5
Irma;17.944444444444443;-64.46666666666667;hurricane;5;134.44444444444446;932.2222222222222;0.7261348300509982;2017;9;6
Irma;18.716666666666665;-70.69166666666666;hurricane;5;100.41666666666667;961.8333333333334;0.9872791469097146;2017;9;7
Irma;19.76153846153846;-74.86153846153846;hurricane;5;115.38461538461539;947.8461538461538;1.0419569840798026;2017;9;8
Irma;20.400000000000002;-75.3;hurricane;5;115.45454545454545;945.0909090909091;1.009058074517685;2017;9;9
Irma;23.09;-74.72999999999999;hurricane;3;109.5;938.8;1.1573992729187026;2017;9;10
Irma;25.75;-73.16666666666667;hurricane;1;83.33333333333333;963.1666666666666;1.2005846103032434;2017;9;11
Jose;27.475;-68.55;hurricane;1;71.25;978.75;1.18942642211914;2017;9;12
Jose;26.075;-66.075;hurricane;1;70.0;981.0;1.18942642211914;2017;9;13
Jose;24.95;-66.2;hurricane;1;67.5;982.5;1.206163704395295;2017;9;14
Jose;26.8;-69.9;hurricane;1;65.0;983.0;1.18942642211914;2017;9;15
Jose;27.925;-71.475;hurricane;1;65.0;979.75;0.523723721504211;2017;9;16
Jose;26.839999999999996;-68.94;hurricane;1;74.0;972.0;0.512692654132843;2017;9;17
Jose;23.75;-65.3125;hurricane;1;81.875;972.0;0.5401240289211275;2017;9;18
Jose;21.37142857142857;-64.78571428571429;hurricane;1;120.0;940.0;0.7236079062734326;2017;9;19
Maria;17.783333333333335;-65.53333333333333;hurricane;5;130.83333333333334;924.0;0.7141136527061459;2017;9;20
Maria;19.7;-68.525;hurricane;2;100.0;959.0;0.7404914051294325;2017;9;21
Maria;21.675;-70.65;hurricane;3;110.0;957.25;0.819624662399292;2017;9;22
Maria;24.775;-71.975;hurricane;3;101.25;952.25;0.6716741919517515;2017;9;23
Lee;29.442857142857143;-62.971428571428575;hurricane;1;85.71428571428571;961.4285714285714;0.4860283136367797;2017;9;24
Lee;30.725;-61.3625;hurricane;2;77.5;968.25;0.4467622637748721;2017;9;25
Lee;31.5;-62.849999999999994;hurricane;1;76.875;973.75;0.4577567577362062;2017;9;26
Lee;32.725;-64.5;hurricane;2;81.25;971.125;0.6025501489639277;2017;9;27
Lee;33.480000000000004;-60.1;hurricane;2;83.0;972.6;0.5603980779647824;2017;9;28
Lee;37.333333333333336;-53.5;hurricane;1;70.0;983.0;1.05891931056976;2017;9;29
Nate;25.599999999999998;-87.76666666666667;hurricane;1;76.66666666666667;984.6666666666666;0.622357368469238;2017;10;7
Nate;29.75;-89.1;hurricane;1;70.0;983.5;0.4797457456588745;2017;10;8
Ophelia;29.8;-36.2;hurricane;1;65.0;991.0;0.523723721504211;2017;10;11
Ophelia;30.25;-35.7;hurricane;1;77.5;978.5;0.4577567577362062;2017;10;12
Ophelia;31.2;-33.85;hurricane;2;85.0;970.0;0.435767769813538;2017;10;13
Ophelia;33.875;-28.525;hurricane;2;95.0;962.75;0.5915556550025936;2017;10;14
Ophelia;39.325;-18.425;hurricane;2;87.5;959.0;1.2030685842037174;2017;10;15
Beryl;10.6;-45.96666666666667;hurricane;1;68.33333333333333;992.0;0.59233283996582;2018;7;6
Beryl;10.899999999999999;-48.8;hurricane;1;65.0;994.5;0.59233283996582;2018;7;7
Chris;33.15;-73.15;hurricane;1;70.0;986.5;3.19413042068481;2018;7;10
Chris;35.275;-69.625;hurricane;2;86.25;971.75;2.48997890949249;2018;7;11
Chris;39.7;-63.0;hurricane;1;70.0;982.5;1.97618567943573;2018;7;12
Florence;19.325;-41.525000000000006;hurricane;1;68.75;986.75;0.43828057497739825;2018;9;4
Florence;21.4;-44.775;hurricane;2;100.0;963.25;0.598701238632202;2018;9;5
Florence;24.025;-47.925;hurricane;4;96.25;964.5;0.598701238632202;2018;9;6
Florence;20.73333333333333;-46.13333333333333;hurricane;1;66.66666666666667;985.0;0.6309911410013833;2018;9;9
Florence;17.833333333333332;-43.51666666666667;hurricane;1;82.08333333333333;977.3333333333334;0.7027960419654845;2018;9;10
Florence;21.1625;-48.75;hurricane;4;107.5;956.5;0.7288441210985185;2018;9;11
Florence;24.1625;-53.0375;hurricane;4;97.5;960.75;0.7933375053107741;2018;9;12
Florence;29.233333333333334;-62.15;hurricane;3;87.5;964.0;1.1161897977193207;2018;9;13
Florence;34.1;-77.56;hurricane;2;80.0;957.2;1.37493407726288;2018;9;14
Leslie;29.633333333333336;-56.833333333333336;hurricane;1;71.66666666666667;974.0;0.292936116456985;2018;10;3
Leslie;30.96666666666667;-57.1;hurricane;1;70.0;975.6666666666666;-0.0689907073974609;2018;10;4
Michael;21.299999999999997;-85.1;hurricane;1;70.0;979.5;0.665212452411652;2018;10;8
Michael;24.15;-85.9;hurricane;2;90.0;968.25;0.5721433684229853;2018;10;9
Leslie;28.65555555555555;-66.71111111111111;hurricane;1;98.88888888888889;954.6666666666666;0.21250793337821924;2018;10;10
Leslie;29.119999999999997;-48.72;hurricane;1;73.0;973.4;0.22055075168609578;2018;10;11
Leslie;31.95;-30.900000000000002;hurricane;1;77.5;969.5;-0.0689907073974609;2018;10;12
Leslie;35.63333333333333;-18.266666666666666;hurricane;1;66.66666666666667;977.3333333333334;0.6265650192896524;2018;10;13
Oscar;25.7;-54.8;hurricane;1;65.0;988.0;0.614769995212555;2018;10;28
Oscar;25.725;-57.625;hurricane;1;73.75;982.25;0.614769995212555;2018;10;29
Oscar;28.575;-58.05;hurricane;2;86.25;971.0;0.5713581293821335;2018;10;30
Oscar;33.36666666666667;-54.333333333333336;hurricane;1;70.0;976.0;0.43459107478459663;2018;10;31
Barry;29.450000000000003;-92.05000000000001;hurricane;1;65.0;993.0;1.53650975227356;2019;7;13
Dorian;18.1;-64.85;hurricane;1;67.5;994.0;0.830419898033142;2019;8;28
Dorian;20.55;-66.575;hurricane;1;75.0;986.5;1.2133840024471305;2019;8;29
Dorian;23.85;-69.15;hurricane;1;91.25;974.0;1.34103870391846;2019;8;30
Dorian;25.725;-72.55;hurricane;4;122.5;945.5;1.77904164791107;2019;8;31
Dorian;26.439999999999998;-76.17999999999999;hurricane;4;151.0;924.0;1.77904164791107;2019;9;1
Dorian;26.660000000000004;-78.03999999999999;hurricane;5;143.0;921.8;1.77904164791107;2019;9;2
Dorian;27.15;-78.525;hurricane;4;103.75;951.75;1.77904164791107;2019;9;3
Dorian;29.125;-79.325;hurricane;2;91.25;961.5;1.784419924020765;2019;9;4
Dorian;31.725;-79.35;hurricane;3;98.75;957.25;1.80055475234985;2019;9;5
Dorian;34.8;-75.96000000000001;hurricane;2;87.0;956.0;1.45897135734558;2019;9;6
Dorian;39.03333333333333;-69.0;hurricane;2;85.0;955.0;1.31499179204305;2019;9;7
Humberto;29.65;-76.975;hurricane;1;71.25;980.75;1.3822982907295225;2019;9;16
Humberto;30.6;-74.2;hurricane;1;87.5;961.75;1.58773636817932;2019;9;17
Humberto;31.8;-69.475;hurricane;3;105.0;951.0;1.58773636817932;2019;9;18
Humberto;29.842857142857145;-60.142857142857146;hurricane;3;92.85714285714286;962.5714285714286;1.1594412071364253;2019;9;19
Jerry;18.375;-58.900000000000006;hurricane;2;78.75;985.0;0.309077531099319;2019;9;20
Lorenzo;13.9;-34.5;hurricane;1;75.0;983.3333333333334;0.0781452655792236;2019;9;25
Lorenzo;15.1;-39.175;hurricane;2;100.0;961.0;0.19361139833927132;2019;9;26
Lorenzo;18.425;-42.325;hurricane;4;120.0;941.25;0.309077531099319;2019;9;27
Lorenzo;21.575;-44.675;hurricane;3;106.25;954.25;0.929767668247223;2019;9;28
Lorenzo;24.96;-44.839999999999996;hurricane;4;120.0;937.8;1.0833881735801698;2019;9;29
Lorenzo;28.7;-43.375;hurricane;2;90.0;954.75;1.3822982907295225;2019;9;30
Lorenzo;33.5;-39.6;hurricane;2;86.25;957.0;1.5326428115367874;2019;10;1
Lorenzo;39.0;-32.9;hurricane;2;82.5;959.0;1.5744441151618949;2019;10;2
Pablo;43.0;-18.05;hurricane;1;67.5;978.5;0.305419325828552;2019;10;27
Hanna;26.875;-96.9;hurricane;1;77.5;975.25;1.25854349136353;2020;7;25
Hanna;26.7;-97.6;hurricane;1;75.0;976.0;1.25854349136353;2020;7;26
Isaias;20.94;-73.28;hurricane;1;68.0;991.6;0.596876376867294;2020;7;31
Isaias;23.8;-76.95;hurricane;1;72.5;987.5;0.633839130401611;2020;8;1
Isaias;31.2;-79.7;hurricane;1;65.0;991.0;2.18552684783936;2020;8;3
Isaias;33.349999999999994;-78.8;hurricane;1;80.0;986.0;2.18552684783936;2020;8;4
Marco;24.8;-87.30000000000001;hurricane;1;65.0;991.5;1.01053622364998;2020;8;23
Laura;23.75;-86.85;hurricane;1;67.5;990.0;0.78925484418869;2020;8;25
Laura;26.05;-90.75;hurricane;1;96.25;969.0;1.121176913380625;2020;8;26
Laura;29.833333333333332;-93.2;hurricane;4;115.0;948.6666666666666;1.1873198747634899;2020;8;27
Nana;16.85;-87.9;hurricane;1;65.0;994.0;0.0644939690828323;2020;9;3
Paulette;29.375;-60.85;hurricane;1;68.75;977.75;1.198444306850435;2020;9;13
Paulette;31.25714285714286;-70.88571428571429;hurricane;1;79.28571428571429;975.4285714285714;1.1364653280803128;2020;9;14
Paulette;32.9375;-74.175;hurricane;2;80.0;974.25;1.146219074726105;2020;9;15
Paulette;26.45;-65.21000000000001;hurricane;2;83.0;971.7;0.432824930548668;2020;9;16
Teddy;18.525;-52.4;hurricane;2;97.5;961.0;0.148952454328537;2020;9;17
Teddy;21.425;-55.45;hurricane;4;112.5;946.75;0.955171525478363;2020;9;18
Teddy;24.875;-58.375;hurricane;3;101.25;948.75;1.3034075200557715;2020;9;19
Teddy;27.725;-62.15;hurricane;2;87.5;960.25;1.65164351463318;2020;9;20
Teddy;30.35;-62.975;hurricane;1;80.0;960.75;1.087035477161408;2020;9;21
Teddy;37.9;-62.8;hurricane;2;86.25;952.25;-0.09236934781074524;2020;9;22
Teddy;41.8;-64.2;hurricane;1;65.0;954.0;-0.349750399589539;2020;9;23
Gamma;20.2;-87.4;hurricane;1;65.0;978.0;0.955171525478363;2020;10;3
Delta;17.5;-81.45;hurricane;1;90.0;966.25;0.148952454328537;2020;10;6
Delta;20.6;-86.72;hurricane;3;88.0;970.4;0.7939277112483978;2020;10;7
Delta;23.375;-91.775;hurricane;1;88.75;968.75;0.955171525478363;2020;10;8
Delta;27.52;-93.53999999999999;hurricane;3;97.0;960.0;1.65164351463318;2020;10;9
Delta;30.1;-92.9;hurricane;1;75.0;971.0;0.522427439689636;2020;10;10
Epsilon;28.8;-58.075;hurricane;1;81.25;971.5;1.34897816181183;2020;10;21
Epsilon;30.5;-61.025;hurricane;3;86.25;960.75;1.77828708291054;2020;10;22
Epsilon;33.425;-61.625;hurricane;1;75.0;966.5;1.92139005661011;2020;10;23
Epsilon;37.225;-61.275;hurricane;1;73.75;959.0;1.16045463085175;2020;10;24
Epsilon;41.86666666666667;-54.86666666666667;hurricane;1;65.0;963.0;1.5432116985321;2020;10;25
Zeta;18.933333333333334;-84.86666666666666;hurricane;1;66.66666666666667;989.0;0.16639968752861;2020;10;26
Zeta;20.3;-87.3;hurricane;1;70.0;979.3333333333334;0.0791974167029062;2020;10;27
Zeta;26.9;-91.225;hurricane;1;85.0;976.25;1.020632691681386;2020;10;28
Zeta;30.2;-89.9;hurricane;2;85.0;973.0;1.92139005661011;2020;10;29
Eta;14.799999999999999;-81.2;hurricane;1;91.66666666666667;967.3333333333334;0.446044266223907;2020;11;2
Eta;13.88;-83.06;hurricane;4;125.0;933.4;0.446044266223907;2020;11;3
Eta;13.8;-84.0;hurricane;2;82.5;972.5;0.446044266223907;2020;11;4
Eta;25.8;-83.9;hurricane;1;65.0;983.0;1.34897816181183;2020;11;11
Iota;13.1;-78.0;hurricane;1;70.0;981.3333333333334;0.446044266223907;2020;11;15
Iota;13.4;-81.075;hurricane;2;118.75;932.75;1.83637237548828;2020;11;16
Iota;13.649999999999999;-83.75;hurricane;4;110.0;935.0;1.83637237548828;2020;11;17
Elsa;13.4;-61.099999999999994;hurricane;1;70.0;993.0;0.867257118225098;2021;7;2
Elsa;15.2;-66.5;hurricane;1;67.5;996.5;1.255877435207369;2021;7;3
Elsa;26.6;-83.2;hurricane;1;65.0;996.0;2.05414390563965;2021;7;7
Grace;19.4;-82.25;hurricane;1;67.5;991.5;1.00659608840942;2021;8;18
Grace;19.900000000000002;-86.23333333333333;hurricane;1;71.66666666666667;983.6666666666666;1.20005397001902;2021;8;19
Grace;20.6;-94.25;hurricane;1;80.0;978.5;1.58696973323822;2021;8;20
Grace;26.18;-86.92;hurricane;3;88.0;976.8;2.126041460037232;2021;8;21
Henri;38.5;-70.95;hurricane;1;65.0;987.0;1.73958694934845;2021;8;22
Ida;21.95;-82.9;hurricane;1;70.0;987.5;1.58696973323822;2021;8;27
Ida;24.025;-85.125;hurricane;1;72.5;984.5;1.969139248132705;2021;8;28
Ida;28.22;-89.3;hurricane;2;118.0;941.8;3.11564779281616;2021;8;29
Ida;30.25;-90.69999999999999;hurricane;3;85.0;961.0;3.6226794719696054;2021;8;30
Larry;13.299999999999999;-33.300000000000004;hurricane;1;68.33333333333333;988.3333333333334;1.05212819576263;2021;9;2
Larry;14.275;-39.125;hurricane;1;81.25;980.25;1.05212819576263;2021;9;3
Larry;16.1;-44.625;hurricane;3;106.25;958.5;1.00659608840942;2021;9;4
Larry;18.825;-48.925;hurricane;3;107.5;955.5;1.15168949961662;2021;9;5
Larry;21.4;-52.35;hurricane;3;106.25;955.25;1.58696973323822;2021;9;6
Larry;23.675;-55.1;hurricane;3;98.75;961.0;1.58696973323822;2021;9;7
Larry;26.75;-57.6;hurricane;2;92.5;966.25;3.11564779281616;2021;9;8
Larry;30.825;-61.075;hurricane;2;81.25;967.0;3.876195311546328;2021;9;9
Larry;37.925;-61.275;hurricane;1;73.75;962.25;2.3407660424709325;2021;9;10
Larry;47.06666666666666;-54.833333333333336;hurricane;1;68.33333333333333;958.3333333333334;2.65829658508301;2021;9;11
Nicholas;28.5;-95.86666666666667;hurricane;1;65.0;990.0;3.11564779281616;2021;9;14
Sam;11.633333333333333;-42.96666666666667;hurricane;1;66.66666666666667;991.6666666666666;1.53400063514709;2021;9;24
Sam;12.7;-46.75;hurricane;2;100.0;966.25;1.53400063514709;2021;9;25
Sam;13.725;-49.625;hurricane;4;131.25;938.0;1.53400063514709;2021;9;26
Sam;15.2;-51.425;hurricane;4;113.75;950.25;1.3460048735141776;2021;9;27
Sam;17.1;-53.8;hurricane;3;112.5;951.5;1.28333961963654;2021;9;28
Sam;18.875;-56.275;hurricane;4;115.0;949.0;1.28333961963654;2021;9;29
Sam;21.575;-59.2;hurricane;4;125.0;938.75;0.839726746082306;2021;9;30
Sam;26.675;-61.6;hurricane;4;128.75;936.75;1.2323229759931564;2021;10;1
Sam;32.75;-60.425;hurricane;4;117.5;945.75;1.179328083992;2021;10;2
Sam;36.95;-55.95;hurricane;3;90.0;960.5;1.08481502532959;2021;10;3
Sam;40.95;-48.2;hurricane;2;86.25;959.75;1.0075151920318606;2021;10;4
Sam;46.5;-40.5;hurricane;1;75.0;965.0;0.705194115638733;2021;10;5
